surah,muqattaat_letters,current_total_letters,previous_total_letters,all_previous_total_letters,next_total_letters,all_after_total_letters,current_count_ا,previous_count_ا,all_previous_count_ا,next_count_ا,all_after_count_ا,current_ratio_ا,previous_ratio_ا,all_previous_ratio_ا,next_ratio_ا,all_after_ratio_ا,vs_previous_diff_ا,vs_all_previous_diff_ا,vs_next_diff_ا,vs_all_after_diff_ا,current_count_ح,previous_count_ح,all_previous_count_ح,next_count_ح,all_after_count_ح,current_ratio_ح,previous_ratio_ح,all_previous_ratio_ح,next_ratio_ح,all_after_ratio_ح,vs_previous_diff_ح,vs_all_previous_diff_ح,vs_next_diff_ح,vs_all_after_diff_ح,current_count_ر,previous_count_ر,all_previous_count_ر,next_count_ر,all_after_count_ر,current_ratio_ر,previous_ratio_ر,all_previous_ratio_ر,next_ratio_ر,all_after_ratio_ر,vs_previous_diff_ر,vs_all_previous_diff_ر,vs_next_diff_ر,vs_all_after_diff_ر,current_count_س,previous_count_س,all_previous_count_س,next_count_س,all_after_count_س,current_ratio_س,previous_ratio_س,all_previous_ratio_س,next_ratio_س,all_after_ratio_س,vs_previous_diff_س,vs_all_previous_diff_س,vs_next_diff_س,vs_all_after_diff_س,current_count_ص,previous_count_ص,all_previous_count_ص,next_count_ص,all_after_count_ص,current_ratio_ص,previous_ratio_ص,all_previous_ratio_ص,next_ratio_ص,all_after_ratio_ص,vs_previous_diff_ص,vs_all_previous_diff_ص,vs_next_diff_ص,vs_all_after_diff_ص,current_count_ط,previous_count_ط,all_previous_count_ط,next_count_ط,all_after_count_ط,current_ratio_ط,previous_ratio_ط,all_previous_ratio_ط,next_ratio_ط,all_after_ratio_ط,vs_previous_diff_ط,vs_all_previous_diff_ط,vs_next_diff_ط,vs_all_after_diff_ط,current_count_ع,previous_count_ع,all_previous_count_ع,next_count_ع,all_after_count_ع,current_ratio_ع,previous_ratio_ع,all_previous_ratio_ع,next_ratio_ع,all_after_ratio_ع,vs_previous_diff_ع,vs_all_previous_diff_ع,vs_next_diff_ع,vs_all_after_diff_ع,current_count_ق,previous_count_ق,all_previous_count_ق,next_count_ق,all_after_count_ق,current_ratio_ق,previous_ratio_ق,all_previous_ratio_ق,next_ratio_ق,all_after_ratio_ق,vs_previous_diff_ق,vs_all_previous_diff_ق,vs_next_diff_ق,vs_all_after_diff_ق,current_count_ك,previous_count_ك,all_previous_count_ك,next_count_ك,all_after_count_ك,current_ratio_ك,previous_ratio_ك,all_previous_ratio_ك,next_ratio_ك,all_after_ratio_ك,vs_previous_diff_ك,vs_all_previous_diff_ك,vs_next_diff_ك,vs_all_after_diff_ك,current_count_ل,previous_count_ل,all_previous_count_ل,next_count_ل,all_after_count_ل,current_ratio_ل,previous_ratio_ل,all_previous_ratio_ل,next_ratio_ل,all_after_ratio_ل,vs_previous_diff_ل,vs_all_previous_diff_ل,vs_next_diff_ل,vs_all_after_diff_ل,current_count_م,previous_count_م,all_previous_count_م,next_count_م,all_after_count_م,current_ratio_م,previous_ratio_م,all_previous_ratio_م,next_ratio_م,all_after_ratio_م,vs_previous_diff_م,vs_all_previous_diff_م,vs_next_diff_م,vs_all_after_diff_م,current_count_ن,previous_count_ن,all_previous_count_ن,next_count_ن,all_after_count_ن,current_ratio_ن,previous_ratio_ن,all_previous_ratio_ن,next_ratio_ن,all_after_ratio_ن,vs_previous_diff_ن,vs_all_previous_diff_ن,vs_next_diff_ن,vs_all_after_diff_ن,current_count_ه,previous_count_ه,all_previous_count_ه,next_count_ه,all_after_count_ه,current_ratio_ه,previous_ratio_ه,all_previous_ratio_ه,next_ratio_ه,all_after_ratio_ه,vs_previous_diff_ه,vs_all_previous_diff_ه,vs_next_diff_ه,vs_all_after_diff_ه,current_count_ي,previous_count_ي,all_previous_count_ي,next_count_ي,all_after_count_ي,current_ratio_ي,previous_ratio_ي,all_previous_ratio_ي,next_ratio_ي,all_after_ratio_ي,vs_previous_diff_ي,vs_all_previous_diff_ي,vs_next_diff_ي,vs_all_after_diff_ي
2,ا ل م,26723,124,124,15194,308300,3545,20,20,2006,39984,0.1326572615350073,0.16129032258064516,0.16129032258064516,0.13202579965775965,0.12969185857930587,-0.02863306104563787,-0.02863306104563787,0.0006314618772476355,0.0029654029557014128,0,0,0,0,0,0,0,0,0,0,0,0,0,0,0,0,0,0,0,0,0,0,0,0,0,0,0,0,0,0,0,0,0,0,0,0,0,0,0,0,0,0,0,0,0,0,0,0,0,0,0,0,0,0,0,0,0,0,0,0,0,0,0,0,0,0,0,0,0,0,0,0,0,0,0,0,0,0,0,0,0,0,0,0,0,0,0,0,0,0,0,0,0,0,0,0,0,0,0,0,0,0,0,0,0,0,0,0,0,0,0,0,3202,18,18,1893,34980,0.1198218762863451,0.14516129032258066,0.14516129032258066,0.12458865341582204,0.11346091469348038,-0.02533941403623556,-0.02533941403623556,-0.004766777129476943,0.006360961592864714,2193,12,12,1247,24544,0.08206413950529506,0.0967741935483871,0.0967741935483871,0.08207187047518757,0.07961076873175478,-0.01471005404309203,-0.01471005404309203,-7.730969892510986e-06,0.0024533707735402838,0,0,0,0,0,0,0,0,0,0,0,0,0,0,0,0,0,0,0,0,0,0,0,0,0,0,0,0,0,0,0,0,0,0,0,0,0,0,0,0,0,0
3,ا ل م,15194,26723,26847,16587,293106,2006,3545,3565,2263,37978,0.13202579965775965,0.1326572615350073,0.1327895109323202,0.13643214565623682,0.12957087197123224,-0.0006314618772476355,-0.0007637112745605412,-0.004406345998477168,0.002454927686527414,0,0,0,0,0,0,0,0,0,0,0,0,0,0,0,0,0,0,0,0,0,0,0,0,0,0,0,0,0,0,0,0,0,0,0,0,0,0,0,0,0,0,0,0,0,0,0,0,0,0,0,0,0,0,0,0,0,0,0,0,0,0,0,0,0,0,0,0,0,0,0,0,0,0,0,0,0,0,0,0,0,0,0,0,0,0,0,0,0,0,0,0,0,0,0,0,0,0,0,0,0,0,0,0,0,0,0,0,0,0,0,0,1893,3202,3220,1962,33087,0.12458865341582204,0.1198218762863451,0.11993891310016017,0.11828540423223007,0.11288407606804364,0.004766777129476943,0.004649740315661871,0.006303249183591972,0.011704577347778397,1247,2193,2205,1303,23297,0.08207187047518757,0.08206413950529506,0.0821320817968488,0.07855549526737807,0.07948319038163668,7.730969892510986e-06,-6.021132166122989e-05,0.003516375207809508,0.002588680093550899,0,0,0,0,0,0,0,0,0,0,0,0,0,0,0,0,0,0,0,0,0,0,0,0,0,0,0,0,0,0,0,0,0,0,0,0,0,0,0,0,0,0
7,ا ل م ص,14640,12965,84001,5462,236506,1958,1558,11103,651,30488,0.1337431693989071,0.12016968762051677,0.13217699789288223,0.11918711094837056,0.12891004879368811,0.013573481778390323,0.001566171506024866,0.014556058450536535,0.004833120605218982,0,0,0,0,0,0,0,0,0,0,0,0,0,0,0,0,0,0,0,0,0,0,0,0,0,0,0,0,0,0,0,0,0,0,0,0,0,0,0,0,0,0,98,69,510,29,1467,0.006693989071038252,0.0053220208252988815,0.0060713562933774595,0.005309410472354449,0.006202802465899385,0.0013719682457393701,0.0006226327776607922,0.001384578598683803,0.0004911866051388663,0,0,0,0,0,0,0,0,0,0,0,0,0,0,0,0,0,0,0,0,0,0,0,0,0,0,0,0,0,0,0,0,0,0,0,0,0,0,0,0,0,0,0,0,0,0,0,0,0,0,0,0,0,0,0,0,1528,1448,9983,653,26689,0.10437158469945355,0.11168530659467799,0.118843823287818,0.11955327718784328,0.1128470313649548,-0.0073137218952244315,-0.014472238588364453,-0.015181692488389728,-0.008475446665501249,1162,1058,6852,455,18735,0.07937158469945355,0.08160431932124952,0.08157045749455363,0.08330281948004394,0.07921574928331628,-0.002232734621795976,-0.0021988727951000875,-0.00393123478059039,0.00015583541613727048,0,0,0,0,0,0,0,0,0,0,0,0,0,0,0,0,0,0,0,0,0,0,0,0,0,0,0,0,0,0,0,0,0,0,0,0,0,0,0,0,0,0
10,ا ل ر,7712,11276,115379,7951,212056,992,1421,15133,980,27424,0.12863070539419086,0.12601986520042568,0.1311590497404207,0.1232549364859766,0.12932432942241673,0.0026108401937651737,-0.0025283443462298383,0.005375768908214257,-0.0006936240282258699,0,0,0,0,0,0,0,0,0,0,0,0,0,0,256,412,3889,324,8262,0.03319502074688797,0.03653777935438099,0.03370630704027596,0.0407495912463841,0.03896140642094541,-0.0033427586074930224,-0.0005112862933879941,-0.0075545704994961355,-0.005766385674057441,0,0,0,0,0,0,0,0,0,0,0,0,0,0,0,0,0,0,0,0,0,0,0,0,0,0,0,0,0,0,0,0,0,0,0,0,0,0,0,0,0,0,0,0,0,0,0,0,0,0,0,0,0,0,0,0,0,0,0,0,0,0,0,0,0,0,0,0,0,0,0,0,0,0,0,0,0,0,0,0,0,0,0,0,913,1347,13511,794,23776,0.11838692946058091,0.11945725434551259,0.11710103225023617,0.09986165262231166,0.1121213264420719,-0.001070324884931681,0.0012858972103447358,0.018525276838269253,0.006265603018509008,0,0,0,0,0,0,0,0,0,0,0,0,0,0,0,0,0,0,0,0,0,0,0,0,0,0,0,0,0,0,0,0,0,0,0,0,0,0,0,0,0,0,0,0,0,0,0,0,0,0,0,0,0,0,0,0
11,ا ل ر,7951,7712,123091,7422,204105,980,992,16125,937,26444,0.1232549364859766,0.12863070539419086,0.13100064180159393,0.12624629479924548,0.12956076529237404,-0.005375768908214257,-0.0077457053156173294,-0.0029913583132688826,-0.006305828806397434,0,0,0,0,0,0,0,0,0,0,0,0,0,0,324,256,4145,256,7938,0.0407495912463841,0.03319502074688797,0.03367427350496787,0.034492050660199405,0.038891746894980525,0.0075545704994961355,0.007075317741416232,0.006257540586184697,0.0018578443514035772,0,0,0,0,0,0,0,0,0,0,0,0,0,0,0,0,0,0,0,0,0,0,0,0,0,0,0,0,0,0,0,0,0,0,0,0,0,0,0,0,0,0,0,0,0,0,0,0,0,0,0,0,0,0,0,0,0,0,0,0,0,0,0,0,0,0,0,0,0,0,0,0,0,0,0,0,0,0,0,0,0,0,0,0,794,913,14424,810,22982,0.09986165262231166,0.11838692946058091,0.11718159735480255,0.10913500404203719,0.11259890742509983,-0.018525276838269253,-0.01731994473249089,-0.009273351419725531,-0.012737254802788173,0,0,0,0,0,0,0,0,0,0,0,0,0,0,0,0,0,0,0,0,0,0,0,0,0,0,0,0,0,0,0,0,0,0,0,0,0,0,0,0,0,0,0,0,0,0,0,0,0,0,0,0,0,0,0,0
12,ا ل ر,7422,7951,131042,3621,196683,937,980,17105,470,25507,0.12624629479924548,0.1232549364859766,0.13053066955632545,0.12979839823253245,0.1296858396506053,0.0029913583132688826,-0.004284374757079962,-0.0035521034332869628,-0.003439544851359805,0,0,0,0,0,0,0,0,0,0,0,0,0,0,256,324,4469,136,7682,0.034492050660199405,0.0407495912463841,0.034103569847835045,0.03755868544600939,0.03905777316799113,-0.006257540586184697,0.0003884808123643599,-0.003066634785809985,-0.0045657225077917266,0,0,0,0,0,0,0,0,0,0,0,0,0,0,0,0,0,0,0,0,0,0,0,0,0,0,0,0,0,0,0,0,0,0,0,0,0,0,0,0,0,0,0,0,0,0,0,0,0,0,0,0,0,0,0,0,0,0,0,0,0,0,0,0,0,0,0,0,0,0,0,0,0,0,0,0,0,0,0,0,0,0,0,0,810,794,15218,479,22172,0.10913500404203719,0.09986165262231166,0.11613070618580303,0.13228389947528307,0.11272962076030973,0.009273351419725531,-0.006995702143765839,-0.023148895433245886,-0.0035946167182725475,0,0,0,0,0,0,0,0,0,0,0,0,0,0,0,0,0,0,0,0,0,0,0,0,0,0,0,0,0,0,0,0,0,0,0,0,0,0,0,0,0,0,0,0,0,0,0,0,0,0,0,0,0,0,0,0
13,ا ل م ر,3621,7422,138464,3595,193062,470,937,18042,455,25037,0.12979839823253245,0.12624629479924548,0.1303010168708112,0.12656467315716272,0.1296837285431623,0.0035521034332869628,-0.0005026186382787456,0.003233725075369731,0.00011466968937015598,0,0,0,0,0,0,0,0,0,0,0,0,0,0,136,256,4725,159,7546,0.03755868544600939,0.034492050660199405,0.03412439334411833,0.04422809457579972,0.039085889506997755,0.003066634785809985,0.0034342921018910635,-0.006669409129790332,-0.0015272040609883644,0,0,0,0,0,0,0,0,0,0,0,0,0,0,0,0,0,0,0,0,0,0,0,0,0,0,0,0,0,0,0,0,0,0,0,0,0,0,0,0,0,0,0,0,0,0,0,0,0,0,0,0,0,0,0,0,0,0,0,0,0,0,0,0,0,0,0,0,0,0,0,0,0,0,0,0,0,0,0,0,0,0,0,0,479,810,16028,450,21693,0.13228389947528307,0.10913500404203719,0.11575571989831292,0.12517385257301808,0.11236286788700003,0.023148895433245886,0.016528179576970156,0.007110046902264994,0.01992103158828304,258,488,11271,303,15220,0.07125103562551781,0.06575047157100512,0.08140021955165241,0.08428372739916551,0.07883477846494909,0.0055005640545126855,-0.010149183926134606,-0.0130326917736477,-0.007583742839431279,0,0,0,0,0,0,0,0,0,0,0,0,0,0,0,0,0,0,0,0,0,0,0,0,0,0,0,0,0,0,0,0,0,0,0,0,0,0,0,0,0,0
14,ا ل ر,3595,3621,142085,2893,189467,455,470,18512,374,24582,0.12656467315716272,0.12979839823253245,0.1302882077629588,0.12927756653992395,0.12974291037489377,-0.003233725075369731,-0.0037235346057960805,-0.0027128933827612334,-0.003178237217731056,0,0,0,0,0,0,0,0,0,0,0,0,0,0,159,136,4861,95,7387,0.04422809457579972,0.03755868544600939,0.034211915402751876,0.032837884548911164,0.03898831986572859,0.006669409129790332,0.010016179173047847,0.011390210026888559,0.0052397747100711295,0,0,0,0,0,0,0,0,0,0,0,0,0,0,0,0,0,0,0,0,0,0,0,0,0,0,0,0,0,0,0,0,0,0,0,0,0,0,0,0,0,0,0,0,0,0,0,0,0,0,0,0,0,0,0,0,0,0,0,0,0,0,0,0,0,0,0,0,0,0,0,0,0,0,0,0,0,0,0,0,0,0,0,0,450,479,16507,321,21243,0.12517385257301808,0.13228389947528307,0.11617693634092269,0.11095748358105773,0.11211978867032253,-0.007110046902264994,0.008996916232095392,0.014216368991960354,0.013054063902695548,0,0,0,0,0,0,0,0,0,0,0,0,0,0,0,0,0,0,0,0,0,0,0,0,0,0,0,0,0,0,0,0,0,0,0,0,0,0,0,0,0,0,0,0,0,0,0,0,0,0,0,0,0,0,0,0
15,ا ل ر,2893,3595,145680,7946,186574,374,455,18967,958,24208,0.12927756653992395,0.12656467315716272,0.13019632070291048,0.12056380568839668,0.129750125955385,0.0027128933827612334,-0.0009187541629865348,0.008713760851527266,-0.00047255941546103797,0,0,0,0,0,0,0,0,0,0,0,0,0,0,95,159,5020,287,7292,0.032837884548911164,0.04422809457579972,0.034459088412959915,0.036118801912912155,0.03908368797367264,-0.011390210026888559,-0.0016212038640487508,-0.0032809173640009903,-0.006245803424761477,0,0,0,0,0,0,0,0,0,0,0,0,0,0,0,0,0,0,0,0,0,0,0,0,0,0,0,0,0,0,0,0,0,0,0,0,0,0,0,0,0,0,0,0,0,0,0,0,0,0,0,0,0,0,0,0,0,0,0,0,0,0,0,0,0,0,0,0,0,0,0,0,0,0,0,0,0,0,0,0,0,0,0,0,321,450,16957,986,20922,0.11095748358105773,0.12517385257301808,0.11639895661724327,0.12408759124087591,0.11213781127059505,-0.014216368991960354,-0.005441473036185543,-0.013130107659818188,-0.001180327689537325,0,0,0,0,0,0,0,0,0,0,0,0,0,0,0,0,0,0,0,0,0,0,0,0,0,0,0,0,0,0,0,0,0,0,0,0,0,0,0,0,0,0,0,0,0,0,0,0,0,0,0,0,0,0,0,0
19,ك ه ي ع ص,3979,6621,169865,5454,161303,0,0,0,0,0,0,0,0,0,0,0,0,0,0,0,0,0,0,0,0,0,0,0,0,0,0,0,0,0,0,0,0,0,0,0,0,0,0,0,0,0,0,0,0,0,0,0,0,0,0,0,0,0,0,0,0,27,45,1029,35,1019,0.006785624528776075,0.006796556411418215,0.006057751744032025,0.006417308397506418,0.006317303459948048,-1.0931882642140414e-05,0.0007278727847440493,0.0003683161312696571,0.00046832106882802645,0,0,0,0,0,0,0,0,0,0,0,0,0,0,118,206,4742,172,4547,0.029655692385021363,0.031113124905603383,0.027916286462779265,0.031536486982031535,0.028189184330111652,-0.00145743252058202,0.001739405922242098,-0.001880794597010172,0.0014665080549097105,0,0,0,0,0,0,0,0,0,0,0,0,0,0,138,173,5452,180,4908,0.03468208092485549,0.026128983537230026,0.03209607629588202,0.033003300330033,0.030427208421418078,0.008553097387625462,0.0025860046289734664,0.0016787805948224876,0.00425487250343741,0,0,0,0,0,0,0,0,0,0,0,0,0,0,0,0,0,0,0,0,0,0,0,0,0,0,0,0,0,0,0,0,0,0,0,0,0,0,0,0,0,0,149,314,7621,215,7081,0.037446594621764265,0.0474248602930071,0.04486503988461425,0.03942060872753942,0.04389874955828472,-0.009978265671242832,-0.0074184452628499875,-0.0019740141057751556,-0.006452154936520453,313,395,10963,362,10698,0.07866298064840412,0.05965866183355988,0.06453948723986695,0.06637330399706637,0.06632238706037706,0.019004318814844233,0.014123493408537163,0.012289676651337747,0.012340593588027055
20,ط ه,5454,3979,173844,5153,155849,0,0,0,0,0,0,0,0,0,0,0,0,0,0,0,0,0,0,0,0,0,0,0,0,0,0,0,0,0,0,0,0,0,0,0,0,0,0,0,0,0,0,0,0,0,0,0,0,0,0,0,0,0,0,0,0,0,0,0,0,0,0,0,0,0,0,0,0,0,0,29,13,636,17,612,0.005317198386505317,0.003267152550892184,0.0036584524056050252,0.003299049097613041,0.0039268779395440455,0.002050045835613133,0.0016587459809002916,0.002018149288892276,0.0013903204469612714,0,0,0,0,0,0,0,0,0,0,0,0,0,0,0,0,0,0,0,0,0,0,0,0,0,0,0,0,0,0,0,0,0,0,0,0,0,0,0,0,0,0,0,0,0,0,0,0,0,0,0,0,0,0,0,0,0,0,0,0,0,0,0,0,0,0,0,0,0,0,0,0,0,0,0,0,0,0,0,0,0,0,0,0,215,149,7770,263,6866,0.03942060872753942,0.037446594621764265,0.04469524401187271,0.05103823015718999,0.04405546394266245,0.0019740141057751556,-0.005274635284333293,-0.011617621429650567,-0.004634855215123031,0,0,0,0,0,0,0,0,0,0,0,0,0,0
26,ط س م,5663,3912,204116,4845,125368,0,0,0,0,0,0,0,0,0,0,0,0,0,0,0,0,0,0,0,0,0,0,0,0,0,0,0,0,0,0,0,0,0,0,0,0,0,0,0,0,0,0,94,81,3625,94,2297,0.016598975807875685,0.020705521472392636,0.01775950929863411,0.01940144478844169,0.01832205985578457,-0.0041065456645169515,-0.0011605334907584253,-0.002802468980566006,-0.001723084047908885,0,0,0,0,0,0,0,0,0,0,0,0,0,0,34,11,764,28,479,0.006003884866678439,0.0028118609406952966,0.0037429696839052303,0.005779153766769866,0.0038207517069746666,0.0031920239259831426,0.002260915182773209,0.00022473109990857332,0.0021831331597037726,0,0,0,0,0,0,0,0,0,0,0,0,0,0,0,0,0,0,0,0,0,0,0,0,0,0,0,0,0,0,0,0,0,0,0,0,0,0,0,0,0,0,0,0,0,0,0,0,0,0,0,0,0,0,0,0,482,243,16289,396,9978,0.08511389722761788,0.062116564417177916,0.07980266123184855,0.08173374613003095,0.07958968795864974,0.02299733281043996,0.005311235995769326,0.0033801510975869226,0.005524209268968142,0,0,0,0,0,0,0,0,0,0,0,0,0,0,0,0,0,0,0,0,0,0,0,0,0,0,0,0,0,0,0,0,0,0,0,0,0,0,0,0,0,0
27,ط س,4845,5663,209779,6011,120523,0,0,0,0,0,0,0,0,0,0,0,0,0,0,0,0,0,0,0,0,0,0,0,0,0,0,0,0,0,0,0,0,0,0,0,0,0,0,0,0,0,0,94,94,3719,102,2203,0.01940144478844169,0.016598975807875685,0.017728180609117215,0.016968890367659292,0.018278668801805464,0.002802468980566006,0.001673264179324476,0.0024325544207823985,0.001122775986636227,0,0,0,0,0,0,0,0,0,0,0,0,0,0,28,34,798,20,451,0.005779153766769866,0.006003884866678439,0.0038040032605742235,0.0033272334054233904,0.003742024343901164,-0.00022473109990857332,0.0019751505061956424,0.0024519203613464755,0.002037129422868702,0,0,0,0,0,0,0,0,0,0,0,0,0,0,0,0,0,0,0,0,0,0,0,0,0,0,0,0,0,0,0,0,0,0,0,0,0,0,0,0,0,0,0,0,0,0,0,0,0,0,0,0,0,0,0,0,0,0,0,0,0,0,0,0,0,0,0,0,0,0,0,0,0,0,0,0,0,0,0,0,0,0,0,0,0,0,0,0,0,0,0,0,0,0,0,0,0,0,0,0,0,0,0,0,0,0,0,0,0,0,0,0
28,ط س م,6011,4845,214624,4384,114512,0,0,0,0,0,0,0,0,0,0,0,0,0,0,0,0,0,0,0,0,0,0,0,0,0,0,0,0,0,0,0,0,0,0,0,0,0,0,0,0,0,0,102,94,3813,70,2101,0.016968890367659292,0.01940144478844169,0.017765953481437304,0.015967153284671534,0.018347422104233617,-0.0024325544207823985,-0.000797063113778012,0.001001737082987758,-0.0013785317365743247,0,0,0,0,0,0,0,0,0,0,0,0,0,0,20,28,826,17,431,0.0033272334054233904,0.005779153766769866,0.003848591024302967,0.0038777372262773723,0.003763797680592427,-0.0024519203613464755,-0.0005213576188795766,-0.0005505038208539819,-0.0004365642751690368,0,0,0,0,0,0,0,0,0,0,0,0,0,0,0,0,0,0,0,0,0,0,0,0,0,0,0,0,0,0,0,0,0,0,0,0,0,0,0,0,0,0,0,0,0,0,0,0,0,0,0,0,0,0,0,0,458,396,17167,342,9124,0.07619364498419565,0.08173374613003095,0.07998639481139108,0.07801094890510948,0.07967723906664803,-0.005540101145835308,-0.003792749827195435,-0.0018173039209138375,-0.0034835940824523848,0,0,0,0,0,0,0,0,0,0,0,0,0,0,0,0,0,0,0,0,0,0,0,0,0,0,0,0,0,0,0,0,0,0,0,0,0,0,0,0,0,0
29,ا ل م,4384,6011,220635,3524,110128,604,749,28542,415,14403,0.13777372262773724,0.12460489103310597,0.12936297504928956,0.1177639046538025,0.1307841784105768,0.013168831594631267,0.008410747578447675,0.020009817973934738,0.006989544217160443,0,0,0,0,0,0,0,0,0,0,0,0,0,0,0,0,0,0,0,0,0,0,0,0,0,0,0,0,0,0,0,0,0,0,0,0,0,0,0,0,0,0,0,0,0,0,0,0,0,0,0,0,0,0,0,0,0,0,0,0,0,0,0,0,0,0,0,0,0,0,0,0,0,0,0,0,0,0,0,0,0,0,0,0,0,0,0,0,0,0,0,0,0,0,0,0,0,0,0,0,0,0,0,0,0,0,0,0,0,0,0,0,551,664,25305,392,12344,0.12568430656934307,0.11046414906005657,0.1146916853627031,0.1112372304199773,0.11208775243353189,0.0152201575092865,0.010992621206639963,0.014447076149365773,0.013596554135811179,342,458,17625,315,8782,0.07801094890510948,0.07619364498419565,0.07988306479026447,0.08938706015891033,0.0797435711172454,0.0018173039209138375,-0.0018721158851549846,-0.01137611125380085,-0.0017326222121359092,0,0,0,0,0,0,0,0,0,0,0,0,0,0,0,0,0,0,0,0,0,0,0,0,0,0,0,0,0,0,0,0,0,0,0,0,0,0,0,0,0,0
30,ا ل م,3524,4384,225019,2209,106604,415,604,29146,284,13988,0.1177639046538025,0.13777372262773724,0.12952683995573708,0.12856496152105024,0.13121458857078533,-0.020009817973934738,-0.011762935301934577,-0.010801056867247735,-0.013450683916982828,0,0,0,0,0,0,0,0,0,0,0,0,0,0,0,0,0,0,0,0,0,0,0,0,0,0,0,0,0,0,0,0,0,0,0,0,0,0,0,0,0,0,0,0,0,0,0,0,0,0,0,0,0,0,0,0,0,0,0,0,0,0,0,0,0,0,0,0,0,0,0,0,0,0,0,0,0,0,0,0,0,0,0,0,0,0,0,0,0,0,0,0,0,0,0,0,0,0,0,0,0,0,0,0,0,0,0,0,0,0,0,0,392,551,25856,296,11952,0.1112372304199773,0.12568430656934307,0.11490585239468667,0.1339972838388411,0.11211586807249259,-0.014447076149365773,-0.0036686219747093796,-0.022760053418863807,-0.0008786376525152934,315,342,17967,171,8467,0.08938706015891033,0.07801094890510948,0.07984659073233816,0.07741059302851969,0.07942478706239917,0.01137611125380085,0.009540469426572176,0.011976467130390647,0.009962273096511168,0,0,0,0,0,0,0,0,0,0,0,0,0,0,0,0,0,0,0,0,0,0,0,0,0,0,0,0,0,0,0,0,0,0,0,0,0,0,0,0,0,0
31,ا ل م,2209,3524,228543,1583,104395,284,415,29561,206,13704,0.12856496152105024,0.1177639046538025,0.12934546234187877,0.1301326595072647,0.13127065472484314,0.010801056867247735,-0.0007805008208285336,-0.0015676979862144502,-0.0027056932037929082,0,0,0,0,0,0,0,0,0,0,0,0,0,0,0,0,0,0,0,0,0,0,0,0,0,0,0,0,0,0,0,0,0,0,0,0,0,0,0,0,0,0,0,0,0,0,0,0,0,0,0,0,0,0,0,0,0,0,0,0,0,0,0,0,0,0,0,0,0,0,0,0,0,0,0,0,0,0,0,0,0,0,0,0,0,0,0,0,0,0,0,0,0,0,0,0,0,0,0,0,0,0,0,0,0,0,0,0,0,0,0,0,296,392,26248,152,11656,0.1339972838388411,0.1112372304199773,0.11484928437974473,0.09602021478205938,0.11165285693759279,0.022760053418863807,0.01914799945909637,0.03797706905678172,0.022344426901248313,171,315,18282,156,8296,0.07741059302851969,0.08938706015891033,0.07999369921634003,0.09854706253948199,0.07946740744288519,-0.011976467130390647,-0.0025831061878203443,-0.021136469510962305,-0.0020568144143655043,0,0,0,0,0,0,0,0,0,0,0,0,0,0,0,0,0,0,0,0,0,0,0,0,0,0,0,0,0,0,0,0,0,0,0,0,0,0,0,0,0,0
32,ا ل م,1583,2209,230752,5865,102812,206,284,29845,859,13498,0.1301326595072647,0.12856496152105024,0.12933799056996256,0.14646206308610402,0.131288176477454,0.0015676979862144502,0.0007946689373021232,-0.01632940357883933,-0.001155516970189313,0,0,0,0,0,0,0,0,0,0,0,0,0,0,0,0,0,0,0,0,0,0,0,0,0,0,0,0,0,0,0,0,0,0,0,0,0,0,0,0,0,0,0,0,0,0,0,0,0,0,0,0,0,0,0,0,0,0,0,0,0,0,0,0,0,0,0,0,0,0,0,0,0,0,0,0,0,0,0,0,0,0,0,0,0,0,0,0,0,0,0,0,0,0,0,0,0,0,0,0,0,0,0,0,0,0,0,0,0,0,0,0,152,296,26544,711,11504,0.09602021478205938,0.1339972838388411,0.11503258909998614,0.12122762148337596,0.11189355328171809,-0.03797706905678172,-0.019012374317926753,-0.025207406701316576,-0.015873338499658704,156,171,18453,418,8140,0.09854706253948199,0.07741059302851969,0.07996897101650256,0.07127024722932651,0.07917363731860094,0.021136469510962305,0.01857809152297943,0.02727681531015548,0.01937342522088105,0,0,0,0,0,0,0,0,0,0,0,0,0,0,0,0,0,0,0,0,0,0,0,0,0,0,0,0,0,0,0,0,0,0,0,0,0,0,0,0,0,0
36,ي س,3092,3302,245149,3912,86906,0,0,0,0,0,0,0,0,0,0,0,0,0,0,0,0,0,0,0,0,0,0,0,0,0,0,0,0,0,0,0,0,0,0,0,0,0,0,0,0,0,0,48,66,4339,72,1629,0.015523932729624839,0.019987886129618413,0.017699439932449244,0.018404907975460124,0.018744390490875198,-0.004463953399993574,-0.002175507202824405,-0.0028809752458352853,-0.003220457761250359,0,0,0,0,0,0,0,0,0,0,0,0,0,0,0,0,0,0,0,0,0,0,0,0,0,0,0,0,0,0,0,0,0,0,0,0,0,0,0,0,0,0,0,0,0,0,0,0,0,0,0,0,0,0,0,0,0,0,0,0,0,0,0,0,0,0,0,0,0,0,0,0,0,0,0,0,0,0,0,0,0,0,0,0,0,0,0,0,0,0,0,0,0,0,0,0,0,0,0,0,0,0,0,0,0,0,0,0,0,0,0,0,0,0,0,0,0,0,0,0,0,0,0,0,0,0,215,219,16109,238,5650,0.06953428201811125,0.06632344033918837,0.06571105735695434,0.06083844580777096,0.06501277242077647,0.003210841678922882,0.003823224661156907,0.008695836210340292,0.004521509597334786
38,ص,3103,3912,252153,4948,79891,0,0,0,0,0,0,0,0,0,0,0,0,0,0,0,0,0,0,0,0,0,0,0,0,0,0,0,0,0,0,0,0,0,0,0,0,0,0,0,0,0,0,0,0,0,0,0,0,0,0,0,0,0,0,0,0,30,34,1514,22,531,0.009668063164679342,0.008691206543967281,0.0060042910455160164,0.00444624090541633,0.006646555932457974,0.0009768566207120615,0.003663772119163326,0.005221822259263012,0.0030215072322213685,0,0,0,0,0,0,0,0,0,0,0,0,0,0,0,0,0,0,0,0,0,0,0,0,0,0,0,0,0,0,0,0,0,0,0,0,0,0,0,0,0,0,0,0,0,0,0,0,0,0,0,0,0,0,0,0,0,0,0,0,0,0,0,0,0,0,0,0,0,0,0,0,0,0,0,0,0,0,0,0,0,0,0,0,0,0,0,0,0,0,0,0,0,0,0,0,0,0,0,0,0,0,0,0,0,0,0,0,0,0,0,0,0,0,0,0,0,0,0,0,0,0,0,0,0,0
40,ح م,5177,4948,260204,3408,69766,0,0,0,0,0,0,0,0,0,0,0,0,0,0,63,61,3193,47,889,0.01216920996716245,0.01232821341956346,0.012271141104671719,0.013791079812206572,0.012742596680331394,-0.00015900345240101033,-0.00010193113750926915,-0.001621869845044123,-0.0005733867131689444,0,0,0,0,0,0,0,0,0,0,0,0,0,0,0,0,0,0,0,0,0,0,0,0,0,0,0,0,0,0,0,0,0,0,0,0,0,0,0,0,0,0,0,0,0,0,0,0,0,0,0,0,0,0,0,0,0,0,0,0,0,0,0,0,0,0,0,0,0,0,0,0,0,0,0,0,0,0,0,0,0,0,0,0,0,0,0,0,0,0,0,0,0,0,0,0,0,0,0,0,0,0,0,0,0,0,0,0,0,0,0,0,378,378,20773,274,5598,0.0730152598029747,0.07639450282942603,0.07983351524188713,0.08039906103286384,0.08023965828627125,-0.0033792430264513312,-0.0068182554389124295,-0.007383801229889145,-0.0072243984832965485,0,0,0,0,0,0,0,0,0,0,0,0,0,0,0,0,0,0,0,0,0,0,0,0,0,0,0,0,0,0,0,0,0,0,0,0,0,0,0,0,0,0
41,ح م,3408,5177,265381,3596,66358,0,0,0,0,0,0,0,0,0,0,0,0,0,0,47,63,3256,52,842,0.013791079812206572,0.01216920996716245,0.012269152652224537,0.014460511679644048,0.012688748907441453,0.001621869845044123,0.0015219271599820356,-0.0006694318674374759,0.001102330904765119,0,0,0,0,0,0,0,0,0,0,0,0,0,0,0,0,0,0,0,0,0,0,0,0,0,0,0,0,0,0,0,0,0,0,0,0,0,0,0,0,0,0,0,0,0,0,0,0,0,0,0,0,0,0,0,0,0,0,0,0,0,0,0,0,0,0,0,0,0,0,0,0,0,0,0,0,0,0,0,0,0,0,0,0,0,0,0,0,0,0,0,0,0,0,0,0,0,0,0,0,0,0,0,0,0,0,0,0,0,0,0,0,274,378,21151,298,5324,0.08039906103286384,0.0730152598029747,0.07970050606486523,0.0828698553948832,0.08023147171403598,0.007383801229889145,0.0006985549679986158,-0.0024707943620193573,0.00016758931882786265,0,0,0,0,0,0,0,0,0,0,0,0,0,0,0,0,0,0,0,0,0,0,0,0,0,0,0,0,0,0,0,0,0,0,0,0,0,0,0,0,0,0
42,ح م ع س ق,3596,3408,268789,3643,62762,0,0,0,0,0,0,0,0,0,0,0,0,0,0,52,47,3303,43,790,0.014460511679644048,0.013791079812206572,0.012288449304100986,0.011803458687894593,0.012587234313756732,0.0006694318674374759,0.0021720623755430626,0.002657052991749455,0.0018732773658873166,0,0,0,0,0,0,0,0,0,0,0,0,0,0,54,64,4769,71,1193,0.015016685205784204,0.018779342723004695,0.01774254154745916,0.019489431786988747,0.019008317134571875,-0.0037626575172204912,-0.0027258563416749544,-0.0044727465812045425,-0.003991631928787671,0,0,0,0,0,0,0,0,0,0,0,0,0,0,0,0,0,0,0,0,0,0,0,0,0,0,0,0,99,102,7597,121,1711,0.02753058954393771,0.02992957746478873,0.028263805438466603,0.03321438374965688,0.02726171887447819,-0.002398987920851022,-0.0007332158945288943,-0.00568379420571917,0.00026887066945952,58,81,5674,84,1304,0.016129032258064516,0.023767605633802816,0.021109494808195278,0.02305791929728246,0.020776903221694655,-0.007638573375738301,-0.004980462550130762,-0.006928887039217943,-0.004647870963630139,0,0,0,0,0,0,0,0,0,0,0,0,0,0,0,0,0,0,0,0,0,0,0,0,0,0,0,0,298,274,21425,322,5026,0.0828698553948832,0.08039906103286384,0.07970936310637712,0.08838869063958277,0.08008030336828018,0.0024707943620193573,0.003160492288506081,-0.005518835244699566,0.002789552026603026,0,0,0,0,0,0,0,0,0,0,0,0,0,0,0,0,0,0,0,0,0,0,0,0,0,0,0,0,0,0,0,0,0,0,0,0,0,0,0,0,0,0
43,ح م,3643,3596,272385,1493,59119,0,0,0,0,0,0,0,0,0,0,0,0,0,0,43,52,3355,15,747,0.011803458687894593,0.014460511679644048,0.012317124658112598,0.010046885465505693,0.012635531724149596,-0.002657052991749455,-0.0005136659702180048,0.0017565732223888998,-0.0008320730362550034,0,0,0,0,0,0,0,0,0,0,0,0,0,0,0,0,0,0,0,0,0,0,0,0,0,0,0,0,0,0,0,0,0,0,0,0,0,0,0,0,0,0,0,0,0,0,0,0,0,0,0,0,0,0,0,0,0,0,0,0,0,0,0,0,0,0,0,0,0,0,0,0,0,0,0,0,0,0,0,0,0,0,0,0,0,0,0,0,0,0,0,0,0,0,0,0,0,0,0,0,0,0,0,0,0,0,0,0,0,0,0,0,322,298,21723,148,4704,0.08838869063958277,0.0828698553948832,0.07975108761495676,0.09912926992632284,0.07956832828701432,0.005518835244699566,0.008637603024626003,-0.010740579286740076,0.008820362352568445,0,0,0,0,0,0,0,0,0,0,0,0,0,0,0,0,0,0,0,0,0,0,0,0,0,0,0,0,0,0,0,0,0,0,0,0,0,0,0,0,0,0
44,ح م,1493,3643,276028,2110,57626,0,0,0,0,0,0,0,0,0,0,0,0,0,0,15,43,3398,30,732,0.010046885465505693,0.011803458687894593,0.012310345327285638,0.014218009478672985,0.012702599521049527,-0.0017565732223888998,-0.002263459861779945,-0.004171124013167292,-0.0026557140555438334,0,0,0,0,0,0,0,0,0,0,0,0,0,0,0,0,0,0,0,0,0,0,0,0,0,0,0,0,0,0,0,0,0,0,0,0,0,0,0,0,0,0,0,0,0,0,0,0,0,0,0,0,0,0,0,0,0,0,0,0,0,0,0,0,0,0,0,0,0,0,0,0,0,0,0,0,0,0,0,0,0,0,0,0,0,0,0,0,0,0,0,0,0,0,0,0,0,0,0,0,0,0,0,0,0,0,0,0,0,0,0,0,148,322,22045,198,4556,0.09912926992632284,0.08838869063958277,0.07986508615068036,0.0938388625592417,0.07906153472390935,0.010740579286740076,0.019264183775642485,0.00529040736708114,0.020067735202413492,0,0,0,0,0,0,0,0,0,0,0,0,0,0,0,0,0,0,0,0,0,0,0,0,0,0,0,0,0,0,0,0,0,0,0,0,0,0,0,0,0,0
45,ح م,2110,1493,277521,2699,55516,0,0,0,0,0,0,0,0,0,0,0,0,0,0,30,15,3413,35,702,0.014218009478672985,0.010046885465505693,0.01229816842689382,0.012967765839199704,0.012645003242308524,0.004171124013167292,0.0019198410517791645,0.0012502436394732815,0.001573006236364461,0,0,0,0,0,0,0,0,0,0,0,0,0,0,0,0,0,0,0,0,0,0,0,0,0,0,0,0,0,0,0,0,0,0,0,0,0,0,0,0,0,0,0,0,0,0,0,0,0,0,0,0,0,0,0,0,0,0,0,0,0,0,0,0,0,0,0,0,0,0,0,0,0,0,0,0,0,0,0,0,0,0,0,0,0,0,0,0,0,0,0,0,0,0,0,0,0,0,0,0,0,0,0,0,0,0,0,0,0,0,0,0,198,148,22193,223,4358,0.0938388625592417,0.09912926992632284,0.07996872308762219,0.08262319377547239,0.07849989192304921,-0.00529040736708114,0.013870139471619511,0.011215668783769311,0.015338970636192495,0,0,0,0,0,0,0,0,0,0,0,0,0,0,0,0,0,0,0,0,0,0,0,0,0,0,0,0,0,0,0,0,0,0,0,0,0,0,0,0,0,0
46,ح م,2699,2110,279631,2449,52817,0,0,0,0,0,0,0,0,0,0,0,0,0,0,35,30,3443,23,667,0.012967765839199704,0.014218009478672985,0.012312654891625035,0.009391588403429971,0.012628509760115115,-0.0012502436394732815,0.0006551109475746685,0.0035761774357697326,0.00033925607908458916,0,0,0,0,0,0,0,0,0,0,0,0,0,0,0,0,0,0,0,0,0,0,0,0,0,0,0,0,0,0,0,0,0,0,0,0,0,0,0,0,0,0,0,0,0,0,0,0,0,0,0,0,0,0,0,0,0,0,0,0,0,0,0,0,0,0,0,0,0,0,0,0,0,0,0,0,0,0,0,0,0,0,0,0,0,0,0,0,0,0,0,0,0,0,0,0,0,0,0,0,0,0,0,0,0,0,0,0,0,0,0,0,223,198,22391,223,4135,0.08262319377547239,0.0938388625592417,0.08007338242183448,0.09105757452021233,0.07828918719351724,-0.011215668783769311,0.0025498113536379097,-0.008434380744739942,0.004334006581955152,0,0,0,0,0,0,0,0,0,0,0,0,0,0,0,0,0,0,0,0,0,0,0,0,0,0,0,0,0,0,0,0,0,0,0,0,0,0,0,0,0,0
50,ق,1523,1561,288889,1556,44735,0,0,0,0,0,0,0,0,0,0,0,0,0,0,0,0,0,0,0,0,0,0,0,0,0,0,0,0,0,0,0,0,0,0,0,0,0,0,0,0,0,0,0,0,0,0,0,0,0,0,0,0,0,0,0,0,0,0,0,0,0,0,0,0,0,0,0,0,0,0,0,0,0,0,0,0,0,0,0,0,0,0,0,0,0,0,0,0,0,0,0,0,0,0,0,0,0,0,58,32,6077,46,901,0.03808273145108339,0.020499679692504803,0.02103576114009187,0.02956298200514139,0.020140829328266458,0.017583051758578584,0.01704697031099152,0.008519749445941999,0.01794190212281693,0,0,0,0,0,0,0,0,0,0,0,0,0,0,0,0,0,0,0,0,0,0,0,0,0,0,0,0,0,0,0,0,0,0,0,0,0,0,0,0,0,0,0,0,0,0,0,0,0,0,0,0,0,0,0,0,0,0,0,0,0,0,0,0,0,0,0,0,0,0,0,0,0,0,0,0,0,0,0,0,0,0,0,0
68,ن,1297,1362,315276,1137,18574,0,0,0,0,0,0,0,0,0,0,0,0,0,0,0,0,0,0,0,0,0,0,0,0,0,0,0,0,0,0,0,0,0,0,0,0,0,0,0,0,0,0,0,0,0,0,0,0,0,0,0,0,0,0,0,0,0,0,0,0,0,0,0,0,0,0,0,0,0,0,0,0,0,0,0,0,0,0,0,0,0,0,0,0,0,0,0,0,0,0,0,0,0,0,0,0,0,0,0,0,0,0,0,0,0,0,0,0,0,0,0,0,0,0,0,0,0,0,0,0,0,0,0,0,0,0,0,0,0,0,0,0,0,0,0,0,0,0,0,0,0,0,0,0,0,0,0,0,0,0,0,0,0,0,132,98,25823,73,1315,0.1017733230531997,0.07195301027900147,0.08190601250967407,0.06420404573438875,0.07079788952298913,0.02982031277419822,0.019867310543525626,0.03756927731881095,0.030975433530210567,0,0,0,0,0,0,0,0,0,0,0,0,0,0,0,0,0,0,0,0,0,0,0,0,0,0,0,0
