surah,window_start,window_end,window_size,total_letters_in_window,count_ا,ratio_ا,count_ر,ratio_ر,count_ص,ratio_ص,count_ل,ratio_ل,count_م,ratio_م
2,1,10,10,415,44,0.10602409638554217,0,0,0,0,47,0.11325301204819277,48,0.11566265060240964
2,2,11,10,455,50,0.10989010989010989,0,0,0,0,52,0.11428571428571428,50,0.10989010989010989
2,3,12,10,455,50,0.10989010989010989,0,0,0,0,51,0.11208791208791209,52,0.11428571428571428
2,4,13,10,486,58,0.11934156378600823,0,0,0,0,57,0.11728395061728394,57,0.11728395061728394
2,5,14,10,507,68,0.1341222879684418,0,0,0,0,57,0.11242603550295859,59,0.11637080867850098
2,6,15,10,507,69,0.13609467455621302,0,0,0,0,54,0.10650887573964497,60,0.11834319526627218
2,7,16,10,517,76,0.1470019342359768,0,0,0,0,56,0.10831721470019343,58,0.11218568665377177
2,8,17,10,534,82,0.15355805243445692,0,0,0,0,58,0.10861423220973783,59,0.1104868913857678
2,9,18,10,506,76,0.15019762845849802,0,0,0,0,53,0.10474308300395258,55,0.10869565217391304
2,10,19,10,544,80,0.14705882352941177,0,0,0,0,57,0.10477941176470588,59,0.10845588235294118
2,11,20,10,597,86,0.1440536013400335,0,0,0,0,65,0.10887772194304858,62,0.10385259631490787
2,12,21,10,607,87,0.14332784184514002,0,0,0,0,66,0.10873146622734761,64,0.10543657331136738
2,13,22,10,678,101,0.14896755162241887,0,0,0,0,76,0.11209439528023599,71,0.10471976401179942
2,14,23,10,678,96,0.1415929203539823,0,0,0,0,71,0.10471976401179942,69,0.10176991150442478
2,15,24,10,672,95,0.14136904761904762,0,0,0,0,75,0.11160714285714286,63,0.09375
2,16,25,10,788,119,0.15101522842639595,0,0,0,0,85,0.10786802030456853,71,0.0901015228426396
2,17,26,10,890,133,0.149438202247191,0,0,0,0,95,0.10674157303370786,79,0.08876404494382023
2,18,27,10,901,131,0.1453940066592675,0,0,0,0,95,0.10543840177580466,76,0.08435072142064373
2,19,28,10,943,134,0.1420996818663839,0,0,0,0,97,0.10286320254506894,81,0.08589607635206786
2,20,29,10,927,133,0.14347357065803668,0,0,0,0,97,0.104638619201726,80,0.08629989212513485
2,21,30,10,935,133,0.14224598930481283,0,0,0,0,99,0.10588235294117647,77,0.08235294117647059
2,22,31,10,952,134,0.1407563025210084,0,0,0,0,100,0.10504201680672269,80,0.08403361344537816
2,23,32,10,901,127,0.14095449500554938,0,0,0,0,95,0.10543840177580466,75,0.08324084350721421
2,24,33,10,925,130,0.14054054054054055,0,0,0,0,100,0.10810810810810811,84,0.09081081081081081
2,25,34,10,921,127,0.13789359391965256,0,0,0,0,98,0.10640608034744843,86,0.09337676438653637
2,26,35,10,851,115,0.13513513513513514,0,0,0,0,93,0.10928319623971798,78,0.09165687426556991
2,27,36,10,780,103,0.13205128205128205,0,0,0,0,84,0.1076923076923077,74,0.09487179487179487
2,28,37,10,741,100,0.1349527665317139,0,0,0,0,80,0.10796221322537113,73,0.09851551956815115
2,29,38,10,749,105,0.14018691588785046,0,0,0,0,81,0.1081441922563418,72,0.09612817089452604
2,30,39,10,730,105,0.14383561643835616,0,0,0,0,77,0.10547945205479452,66,0.09041095890410959
2,31,40,10,686,100,0.1457725947521866,0,0,0,0,65,0.09475218658892129,63,0.09183673469387756
2,32,41,10,696,105,0.15086206896551724,0,0,0,0,64,0.09195402298850575,62,0.08908045977011494
2,33,42,10,689,102,0.14804063860667635,0,0,0,0,62,0.0899854862119013,60,0.08708272859216255
2,34,43,10,628,100,0.1592356687898089,0,0,0,0,56,0.08917197452229299,45,0.07165605095541401
2,35,44,10,621,96,0.15458937198067632,0,0,0,0,54,0.08695652173913043,45,0.07246376811594203
2,36,45,10,589,91,0.15449915110356535,0,0,0,0,54,0.09168081494057725,40,0.06791171477079797
2,37,46,10,539,81,0.150278293135436,0,0,0,0,50,0.09276437847866419,36,0.06679035250463822
2,38,47,10,553,83,0.15009041591320071,0,0,0,0,52,0.09403254972875226,37,0.06690777576853527
2,39,48,10,553,85,0.15370705244122965,0,0,0,0,54,0.09764918625678119,33,0.059674502712477394
2,40,49,10,586,81,0.13822525597269625,0,0,0,0,54,0.09215017064846416,42,0.07167235494880546
2,41,50,10,567,77,0.13580246913580246,0,0,0,0,53,0.09347442680776014,41,0.07231040564373897
2,42,51,10,540,68,0.1259259259259259,0,0,0,0,51,0.09444444444444444,40,0.07407407407407407
2,43,52,10,528,62,0.11742424242424243,0,0,0,0,47,0.08901515151515152,41,0.07765151515151515
2,44,53,10,524,57,0.10877862595419847,0,0,0,0,47,0.08969465648854962,41,0.07824427480916031
2,45,54,10,590,65,0.11016949152542373,0,0,0,0,53,0.08983050847457627,53,0.08983050847457627
2,46,55,10,602,60,0.09966777408637874,0,0,0,0,52,0.08637873754152824,58,0.09634551495016612
2,47,56,10,594,58,0.09764309764309764,0,0,0,0,51,0.08585858585858586,60,0.10101010101010101
2,48,57,10,628,65,0.1035031847133758,0,0,0,0,57,0.09076433121019108,67,0.10668789808917198
2,49,58,10,655,70,0.10687022900763359,0,0,0,0,60,0.0916030534351145,68,0.10381679389312977
2,50,59,10,647,77,0.11901081916537867,0,0,0,0,68,0.10510046367851623,64,0.09891808346213292
2,51,60,10,718,90,0.12534818941504178,0,0,0,0,76,0.10584958217270195,69,0.09610027855153204
2,52,61,10,927,121,0.13052858683926646,0,0,0,0,98,0.10571736785329018,79,0.08522114347357065
2,53,62,10,1005,136,0.13532338308457711,0,0,0,0,109,0.10845771144278607,85,0.0845771144278607
2,54,63,10,1038,141,0.13583815028901733,0,0,0,0,108,0.10404624277456648,90,0.08670520231213873
2,55,64,10,971,131,0.1349124613800206,0,0,0,0,106,0.10916580844490216,82,0.08444902162718847
2,56,65,10,965,134,0.138860103626943,0,0,0,0,106,0.10984455958549223,82,0.0849740932642487
2,57,66,10,980,141,0.14387755102040817,0,0,0,0,110,0.11224489795918367,80,0.08163265306122448
2,58,67,10,973,138,0.14182939362795477,0,0,0,0,107,0.10996916752312436,73,0.0750256937307297
2,59,68,10,959,137,0.14285714285714285,0,0,0,0,107,0.11157455683003129,71,0.0740354535974974
2,60,69,10,954,138,0.14465408805031446,0,0,0,0,103,0.10796645702306079,66,0.06918238993710692
2,61,70,10,895,133,0.14860335195530727,0,0,0,0,101,0.11284916201117319,60,0.0670391061452514
2,62,71,10,732,113,0.15437158469945356,0,0,0,0,88,0.12021857923497267,47,0.06420765027322405
2,63,72,10,670,103,0.1537313432835821,0,0,0,0,77,0.11492537313432835,43,0.06417910447761194
2,64,73,10,658,99,0.15045592705167174,0,0,0,0,82,0.12462006079027356,39,0.05927051671732523
2,65,74,10,748,113,0.15106951871657753,0,0,0,0,87,0.1163101604278075,48,0.06417112299465241
2,66,75,10,771,111,0.14396887159533073,0,0,0,0,87,0.11284046692607004,55,0.07133592736705577
2,67,76,10,828,118,0.14251207729468598,0,0,0,0,93,0.11231884057971014,59,0.07125603864734299
2,68,77,10,779,111,0.14249037227214378,0,0,0,0,89,0.11424903722721438,58,0.07445442875481387
2,69,78,10,742,102,0.13746630727762804,0,0,0,0,85,0.11455525606469003,61,0.08221024258760108
2,70,79,10,773,97,0.12548512289780078,0,0,0,0,91,0.11772315653298836,71,0.09184993531694696
2,71,80,10,804,99,0.12313432835820895,0,0,0,0,100,0.12437810945273632,76,0.0945273631840796
2,72,81,10,760,89,0.11710526315789474,0,0,0,0,90,0.11842105263157894,75,0.09868421052631579
2,73,82,10,767,93,0.121251629726206,0,0,0,0,94,0.12255541069100391,72,0.0938722294654498
2,74,83,10,859,113,0.13154831199068684,0,0,0,0,106,0.12339930151338765,79,0.0919674039580908
2,75,84,10,785,101,0.1286624203821656,0,0,0,0,93,0.11847133757961784,73,0.0929936305732484
2,76,85,10,943,123,0.13043478260869565,0,0,0,0,106,0.11240721102863202,86,0.0911983032873807
2,77,86,10,905,120,0.13259668508287292,0,0,0,0,102,0.112707182320442,80,0.08839779005524862
2,78,87,10,1009,134,0.13280475718533202,0,0,0,0,106,0.10505450941526263,86,0.08523290386521308
2,79,88,10,1011,134,0.13254203758654798,0,0,0,0,110,0.10880316518298715,84,0.0830860534124629
2,80,89,10,1017,142,0.13962635201573254,0,0,0,0,109,0.1071779744346116,84,0.08259587020648967
2,81,90,10,1033,142,0.13746369796708616,0,0,0,0,103,0.09970958373668926,84,0.08131655372700872
2,82,91,10,1098,151,0.13752276867030966,0,0,0,0,115,0.10473588342440801,97,0.0883424408014572
2,83,92,10,1096,147,0.13412408759124086,0,0,0,0,113,0.1031021897810219,101,0.09215328467153285
2,84,93,10,1079,138,0.1278962001853568,0,0,0,0,99,0.0917516218721038,108,0.10009267840593142
2,85,94,10,1075,143,0.1330232558139535,0,0,0,0,106,0.0986046511627907,103,0.09581395348837209
2,86,95,10,885,121,0.1367231638418079,0,0,0,0,93,0.10508474576271186,84,0.09491525423728814
2,87,96,10,925,119,0.12864864864864864,0,0,0,0,95,0.10270270270270271,92,0.09945945945945946
2,88,97,10,857,106,0.12368728121353559,0,0,0,0,96,0.11201866977829639,87,0.10151691948658109
2,89,98,10,865,106,0.12254335260115606,0,0,0,0,97,0.11213872832369942,86,0.09942196531791908
2,90,99,10,801,97,0.12109862671660425,0,0,0,0,89,0.1111111111111111,76,0.09488139825218476
2,91,100,10,737,88,0.11940298507462686,0,0,0,0,81,0.10990502035278155,74,0.10040705563093623
2,92,101,10,706,85,0.12039660056657224,0,0,0,0,76,0.10764872521246459,70,0.09915014164305949
2,93,102,10,971,122,0.12564366632337795,0,0,0,0,106,0.10916580844490216,95,0.09783728115345006
2,94,103,10,888,111,0.125,0,0,0,0,106,0.11936936936936937,83,0.09346846846846847
2,95,104,10,887,115,0.12965050732807215,0,0,0,0,104,0.11724915445321307,81,0.09131905298759865
2,96,105,10,942,122,0.12951167728237792,0,0,0,0,112,0.11889596602972399,85,0.09023354564755838
2,97,106,10,900,117,0.13,0,0,0,0,109,0.12111111111111111,81,0.09
2,98,107,10,888,120,0.13513513513513514,0,0,0,0,111,0.125,84,0.0945945945945946
2,99,108,10,907,121,0.13340683572216097,0,0,0,0,111,0.12238147739801543,88,0.0970231532524807
2,100,109,10,987,127,0.1286727456940223,0,0,0,0,117,0.11854103343465046,98,0.09929078014184398
2,101,110,10,1020,133,0.1303921568627451,0,0,0,0,123,0.12058823529411765,100,0.09803921568627451
2,102,111,10,1005,133,0.13233830845771144,0,0,0,0,119,0.11840796019900497,94,0.09353233830845771
2,103,112,10,747,92,0.12315930388219545,0,0,0,0,92,0.12315930388219545,67,0.08969210174029452
2,104,113,10,840,105,0.125,0,0,0,0,109,0.12976190476190477,71,0.08452380952380953
2,105,114,10,889,105,0.11811023622047244,0,0,0,0,113,0.12710911136107986,80,0.08998875140607424
2,106,115,10,843,100,0.11862396204033215,0,0,0,0,109,0.12930011862396204,75,0.08896797153024912
2,107,116,10,840,107,0.12738095238095237,0,0,0,0,112,0.13333333333333333,71,0.08452380952380953
2,108,117,10,828,106,0.1280193236714976,0,0,0,0,103,0.12439613526570048,66,0.07971014492753623
2,109,118,10,860,112,0.13023255813953488,0,0,0,0,111,0.12906976744186047,67,0.07790697674418605
2,110,119,10,782,106,0.13554987212276215,0,0,0,0,105,0.13427109974424553,57,0.07289002557544758
2,111,120,10,819,109,0.1330891330891331,0,0,0,0,114,0.1391941391941392,58,0.07081807081807082
2,112,121,10,816,104,0.12745098039215685,0,0,0,0,114,0.13970588235294118,57,0.06985294117647059
2,113,122,10,816,109,0.13357843137254902,0,0,0,0,113,0.13848039215686275,57,0.06985294117647059
2,114,123,10,740,101,0.13648648648648648,0,0,0,0,96,0.12972972972972974,51,0.06891891891891892
2,115,124,10,711,100,0.14064697609001406,0,0,0,0,97,0.13642756680731363,46,0.06469760900140648
2,116,125,10,773,111,0.14359637774902975,0,0,0,0,99,0.12807244501940493,50,0.0646830530401035
2,117,126,10,838,117,0.13961813842482101,0,0,0,0,104,0.12410501193317422,61,0.07279236276849642
2,118,127,10,856,119,0.13901869158878505,0,0,0,0,107,0.125,64,0.07476635514018691
2,119,128,10,827,117,0.1414752116082225,0,0,0,0,97,0.11729141475211609,64,0.0773881499395405
2,120,129,10,862,118,0.1368909512761021,0,0,0,0,100,0.11600928074245939,72,0.08352668213457076
2,121,130,10,823,113,0.13730255164034022,0,0,0,0,90,0.10935601458080195,69,0.08383961117861483
2,122,131,10,786,110,0.13994910941475827,0,0,0,0,91,0.11577608142493638,68,0.08651399491094147
2,123,132,10,798,111,0.13909774436090225,0,0,0,0,91,0.11403508771929824,69,0.08646616541353383
2,124,133,10,845,113,0.13372781065088757,0,0,0,0,95,0.11242603550295859,75,0.08875739644970414
2,125,134,10,815,106,0.13006134969325153,0,0,0,0,90,0.11042944785276074,75,0.09202453987730061
2,126,135,10,764,99,0.12958115183246074,0,0,0,0,83,0.10863874345549739,71,0.09293193717277487
2,127,136,10,775,96,0.12387096774193548,0,0,0,0,81,0.10451612903225807,72,0.09290322580645162
2,128,137,10,791,97,0.12262958280657396,0,0,0,0,81,0.10240202275600506,76,0.09608091024020228
2,129,138,10,753,89,0.11819389110225764,0,0,0,0,78,0.10358565737051793,70,0.09296148738379814
2,130,139,10,734,88,0.11989100817438691,0,0,0,0,79,0.10762942779291552,67,0.09128065395095368
2,131,140,10,788,95,0.12055837563451777,0,0,0,0,85,0.10786802030456853,77,0.09771573604060914
2,132,141,10,810,98,0.12098765432098765,0,0,0,0,84,0.1037037037037037,81,0.1
2,133,142,10,831,104,0.12515042117930206,0,0,0,0,90,0.10830324909747292,84,0.10108303249097472
2,134,143,10,917,117,0.12758996728462377,0,0,0,0,113,0.12322791712104689,87,0.09487459105779716
2,135,144,10,1012,128,0.12648221343873517,0,0,0,0,124,0.1225296442687747,92,0.09090909090909091
2,136,145,10,1081,135,0.12488436632747456,0,0,0,0,132,0.12210915818686402,99,0.09158186864014801
2,137,146,10,1020,128,0.12549019607843137,0,0,0,0,124,0.12156862745098039,93,0.09117647058823529
2,138,147,10,966,121,0.12525879917184266,0,0,0,0,120,0.12422360248447205,87,0.09006211180124224
2,139,148,10,1005,128,0.12736318407960198,0,0,0,0,125,0.12437810945273632,89,0.08855721393034825
2,140,149,10,1010,127,0.12574257425742574,0,0,0,0,125,0.12376237623762376,90,0.0891089108910891
2,141,150,10,1019,123,0.12070657507360157,0,0,0,0,128,0.1256133464180569,90,0.08832188420019627
2,142,151,10,1050,126,0.12,0,0,0,0,131,0.12476190476190477,97,0.09238095238095238
2,143,152,10,991,116,0.1170534813319879,0,0,0,0,120,0.12108980827447023,89,0.08980827447023208
2,144,153,10,845,102,0.12071005917159763,0,0,0,0,94,0.11124260355029586,79,0.09349112426035502
2,145,154,10,745,90,0.12080536912751678,0,0,0,0,86,0.11543624161073826,69,0.09261744966442953
2,146,155,10,678,81,0.11946902654867257,0,0,0,0,82,0.12094395280235988,62,0.09144542772861357
2,147,156,10,649,81,0.12480739599383667,0,0,0,0,82,0.1263482280431433,56,0.08628659476117104
2,148,157,10,664,80,0.12048192771084337,0,0,0,0,84,0.12650602409638553,58,0.08734939759036145
2,149,158,10,677,83,0.12259970457902511,0,0,0,0,84,0.1240768094534712,61,0.09010339734121123
2,150,159,10,701,90,0.12838801711840228,0,0,0,0,89,0.12696148359486448,61,0.08701854493580599
2,151,160,10,620,88,0.14193548387096774,0,0,0,0,79,0.12741935483870967,48,0.07741935483870968
2,152,161,10,597,88,0.1474036850921273,0,0,0,0,78,0.1306532663316583,39,0.06532663316582915
2,153,162,10,603,90,0.14925373134328357,0,0,0,0,80,0.13266998341625208,40,0.06633499170812604
2,154,163,10,585,83,0.14188034188034188,0,0,0,0,80,0.13675213675213677,41,0.07008547008547009
2,155,164,10,721,111,0.1539528432732316,0,0,0,0,97,0.13453536754507628,51,0.07073509015256588
2,156,165,10,779,120,0.1540436456996149,0,0,0,0,106,0.13607188703465983,53,0.06803594351732992
2,157,166,10,791,123,0.1554993678887484,0,0,0,0,105,0.13274336283185842,53,0.06700379266750948
2,158,167,10,846,136,0.1607565011820331,0,0,0,0,110,0.13002364066193853,58,0.06855791962174941
2,159,168,10,824,138,0.16747572815533981,0,0,0,0,108,0.13106796116504854,55,0.06674757281553398
2,160,169,10,782,132,0.16879795396419436,0,0,0,0,102,0.13043478260869565,53,0.06777493606138107
2,161,170,10,814,138,0.16953316953316952,0,0,0,0,108,0.13267813267813267,55,0.06756756756756757
2,162,171,10,817,137,0.16768665850673195,0,0,0,0,107,0.13096695226438188,58,0.07099143206854346
2,163,172,10,841,142,0.16884661117717004,0,0,0,0,107,0.1272294887039239,61,0.07253269916765755
2,164,173,10,900,149,0.16555555555555557,0,0,0,0,114,0.12666666666666668,68,0.07555555555555556
2,165,174,10,836,132,0.15789473684210525,0,0,0,0,106,0.12679425837320574,69,0.08253588516746412
2,166,175,10,773,126,0.1630012936610608,0,0,0,0,98,0.12677878395860284,65,0.08408796895213454
2,167,176,10,775,125,0.16129032258064516,0,0,0,0,104,0.13419354838709677,63,0.08129032258064516
2,168,177,10,946,155,0.1638477801268499,0,0,0,0,133,0.14059196617336153,67,0.0708245243128964
2,169,178,10,1044,160,0.1532567049808429,0,0,0,0,143,0.13697318007662834,73,0.06992337164750957
2,170,179,10,1033,158,0.15295256534365925,0,0,0,0,142,0.13746369796708616,70,0.06776379477250725
2,171,180,10,1021,151,0.14789422135161606,0,0,0,0,139,0.13614103819784526,71,0.06953966699314397
2,172,181,10,1009,146,0.14469772051536176,0,0,0,0,138,0.13676907829534193,70,0.06937561942517344
2,173,182,10,1003,140,0.13958125623130607,0,0,0,0,139,0.13858424725822532,72,0.07178464606181456
2,174,183,10,969,136,0.14035087719298245,0,0,0,0,133,0.13725490196078433,69,0.07120743034055728
2,175,184,10,974,129,0.1324435318275154,0,0,0,0,120,0.12320328542094455,71,0.0728952772073922
2,176,185,10,1100,139,0.12636363636363637,0,0,0,0,134,0.12181818181818181,84,0.07636363636363637
2,177,186,10,1120,137,0.12232142857142857,0,0,0,0,131,0.11696428571428572,86,0.07678571428571429
2,178,187,10,1145,131,0.11441048034934498,0,0,0,0,136,0.11877729257641921,93,0.08122270742358079
2,179,188,10,1065,126,0.11830985915492957,0,0,0,0,132,0.12394366197183099,92,0.0863849765258216
2,180,189,10,1150,137,0.1191304347826087,0,0,0,0,143,0.12434782608695652,95,0.08260869565217391
2,181,190,10,1132,138,0.12190812720848057,0,0,0,0,144,0.127208480565371,92,0.0812720848056537
2,182,191,10,1211,148,0.1222130470685384,0,0,0,0,150,0.12386457473162675,98,0.08092485549132948
2,183,192,10,1179,146,0.12383375742154368,0,0,0,0,147,0.12468193384223919,92,0.07803223070398643
2,184,193,10,1184,148,0.125,0,0,0,0,149,0.1258445945945946,87,0.07347972972972973
2,185,194,10,1165,159,0.13648068669527896,0,0,0,0,158,0.1356223175965665,83,0.07124463519313305
2,186,195,10,1045,145,0.13875598086124402,0,0,0,0,145,0.13875598086124402,69,0.0660287081339713
2,187,196,10,1264,173,0.13686708860759494,0,0,0,0,169,0.1337025316455696,99,0.07832278481012658
2,188,197,10,1095,153,0.13972602739726028,0,0,0,0,142,0.12968036529680366,83,0.07579908675799087
2,189,198,10,1120,154,0.1375,0,0,0,0,139,0.12410714285714286,86,0.07678571428571429
2,190,199,10,1046,145,0.13862332695984703,0,0,0,0,126,0.12045889101338432,84,0.08030592734225621
2,191,200,10,1084,151,0.1392988929889299,0,0,0,0,123,0.11346863468634687,91,0.08394833948339483
2,192,201,10,1007,146,0.14498510427010924,0,0,0,0,114,0.11320754716981132,81,0.0804369414101291
2,193,202,10,1019,148,0.1452404317958783,0,0,0,0,117,0.11481844946025516,83,0.08145240431795878
2,194,203,10,1059,151,0.14258734655335223,0,0,0,0,119,0.11237016052880075,91,0.08593012275731822
2,195,204,10,1015,140,0.13793103448275862,0,0,0,0,114,0.1123152709359606,84,0.08275862068965517
2,196,205,10,1007,141,0.1400198609731877,0,0,0,0,114,0.11320754716981132,82,0.0814299900695134
2,197,206,10,763,112,0.14678899082568808,0,0,0,0,91,0.11926605504587157,53,0.06946264744429882
2,198,207,10,688,102,0.14825581395348839,0,0,0,0,80,0.11627906976744186,50,0.07267441860465117
2,199,208,10,644,99,0.15372670807453417,0,0,0,0,76,0.11801242236024845,42,0.06521739130434782
2,200,209,10,643,98,0.15241057542768274,0,0,0,0,77,0.11975116640746501,45,0.06998444790046657
2,201,210,10,618,91,0.14724919093851133,0,0,0,0,83,0.1343042071197411,43,0.06957928802588997
2,202,211,10,636,90,0.14150943396226415,0,0,0,0,87,0.13679245283018868,47,0.07389937106918239
2,203,212,10,695,100,0.14388489208633093,0,0,0,0,91,0.13093525179856116,50,0.07194244604316546
2,204,213,10,806,120,0.1488833746898263,0,0,0,0,102,0.12655086848635236,58,0.07196029776674938
2,205,214,10,870,126,0.14482758620689656,0,0,0,0,112,0.12873563218390804,66,0.07586206896551724
2,206,215,10,916,131,0.14301310043668122,0,0,0,0,115,0.12554585152838427,75,0.08187772925764192
2,207,216,10,958,132,0.13778705636743216,0,0,0,0,118,0.12317327766179541,79,0.0824634655532359
2,208,217,10,1162,152,0.13080895008605853,0,0,0,0,139,0.11962134251290878,91,0.0783132530120482
2,209,218,10,1167,149,0.12767780634104542,0,0,0,0,142,0.12167952013710369,90,0.07712082262210797
2,210,219,10,1244,155,0.12459807073954984,0,0,0,0,152,0.12218649517684887,96,0.07717041800643087
2,211,220,10,1295,160,0.12355212355212356,0,0,0,0,158,0.122007722007722,99,0.07644787644787644
2,212,221,10,1408,167,0.11860795454545454,0,0,0,0,170,0.12073863636363637,109,0.07741477272727272
2,213,222,10,1439,165,0.11466296038915914,0,0,0,0,174,0.12091730368311328,109,0.07574704656011119
2,214,223,10,1306,142,0.10872894333843798,0,0,0,0,158,0.12098009188361408,102,0.0781010719754977
2,215,224,10,1244,136,0.10932475884244373,0,0,0,0,148,0.1189710610932476,94,0.07556270096463022
2,216,225,10,1204,130,0.1079734219269103,0,0,0,0,144,0.11960132890365449,92,0.07641196013289037
2,217,226,10,1163,126,0.10834049871023216,0,0,0,0,138,0.11865864144453998,88,0.07566638005159071
2,218,227,10,938,101,0.10767590618336886,0,0,0,0,116,0.12366737739872068,76,0.08102345415778252
2,219,228,10,1047,109,0.1041069723018147,0,0,0,0,133,0.12702960840496658,82,0.07831900668576887
2,220,229,10,1119,125,0.11170688114387846,0,0,0,0,140,0.12511170688114387,85,0.07596067917783736
2,221,230,10,1111,125,0.11251125112511251,0,0,0,0,134,0.12061206120612061,80,0.07200720072007201
2,222,231,10,1131,135,0.11936339522546419,0,0,0,0,140,0.1237842617152962,79,0.06984969053934571
2,223,232,10,1155,137,0.11861471861471862,0,0,0,0,146,0.1264069264069264,86,0.07445887445887446
2,224,233,10,1367,171,0.1250914411119239,0,0,0,0,179,0.13094367227505485,96,0.07022677395757132
2,225,234,10,1424,172,0.12078651685393259,0,0,0,0,179,0.12570224719101122,99,0.06952247191011236
2,226,235,10,1562,191,0.12227912932138284,0,0,0,0,193,0.1235595390524968,108,0.06914212548015365
2,227,236,10,1620,200,0.12345679012345678,0,0,0,0,201,0.12407407407407407,116,0.07160493827160494
2,228,237,10,1734,207,0.11937716262975778,0,0,0,0,210,0.12110726643598616,122,0.07035755478662054
2,229,238,10,1596,198,0.12406015037593984,0,0,0,0,191,0.11967418546365914,114,0.07142857142857142
2,230,239,10,1464,180,0.12295081967213115,0,0,0,0,174,0.11885245901639344,108,0.07377049180327869
2,231,240,10,1466,178,0.12141882673942701,0,0,0,0,170,0.11596180081855388,112,0.07639836289222374
2,232,241,10,1293,158,0.12219644238205724,0,0,0,0,150,0.11600928074245939,100,0.07733952049497293
2,233,242,10,1174,145,0.12350936967632027,0,0,0,0,138,0.11754684838160136,89,0.075809199318569
2,234,243,10,985,115,0.116751269035533,0,0,0,0,116,0.11776649746192894,77,0.07817258883248732
2,235,244,10,899,110,0.12235817575083426,0,0,0,0,114,0.12680756395995552,73,0.08120133481646273
2,236,245,10,765,92,0.12026143790849673,0,0,0,0,97,0.12679738562091503,58,0.07581699346405228
2,237,246,10,873,115,0.13172966781214204,0,0,0,0,125,0.143184421534937,64,0.07331042382588775
2,238,247,10,899,126,0.14015572858731926,0,0,0,0,141,0.1568409343715239,71,0.07897664071190211
2,239,248,10,970,124,0.12783505154639174,0,0,0,0,145,0.14948453608247422,85,0.08762886597938144
2,240,249,10,1148,142,0.12369337979094076,0,0,0,0,173,0.15069686411149827,99,0.08623693379790941
2,241,250,10,1107,145,0.13098464317976513,0,0,0,0,171,0.15447154471544716,93,0.08401084010840108
2,242,251,10,1195,157,0.13138075313807532,0,0,0,0,189,0.1581589958158996,98,0.08200836820083682
2,243,252,10,1206,160,0.13266998341625208,0,0,0,0,191,0.1583747927031509,98,0.0812603648424544
2,244,253,10,1312,174,0.1326219512195122,0,0,0,0,199,0.15167682926829268,112,0.08536585365853659
2,245,254,10,1362,183,0.1343612334801762,0,0,0,0,200,0.14684287812041116,117,0.08590308370044053
2,246,255,10,1489,204,0.13700470114170585,0,0,0,0,218,0.14640698455339154,133,0.0893216924110141
2,247,256,10,1373,184,0.13401310997815002,0,0,0,0,191,0.13911143481427532,123,0.08958485069191552
2,248,257,10,1325,181,0.13660377358490566,0,0,0,0,179,0.1350943396226415,116,0.08754716981132075
2,249,258,10,1381,198,0.14337436640115858,0,0,0,0,190,0.13758146270818247,115,0.0832729905865315
2,250,259,10,1393,200,0.14357501794687724,0,0,0,0,189,0.135678391959799,111,0.07968413496051686
2,251,260,10,1468,198,0.13487738419618528,0,0,0,0,200,0.1362397820163488,119,0.08106267029972752
2,252,261,10,1444,191,0.13227146814404434,0,0,0,0,192,0.1329639889196676,117,0.08102493074792244
2,253,262,10,1495,196,0.13110367892976588,0,0,0,0,194,0.12976588628762542,125,0.08361204013377926
2,254,263,10,1327,170,0.1281085154483798,0,0,0,0,172,0.12961567445365485,106,0.07987942727957799
2,255,264,10,1416,186,0.13135593220338984,0,0,0,0,188,0.1327683615819209,109,0.0769774011299435
2,256,265,10,1343,171,0.12732688011913626,0,0,0,0,177,0.13179448994787787,102,0.0759493670886076
2,257,266,10,1387,173,0.1247296322999279,0,0,0,0,178,0.12833453496755587,102,0.07354001441961067
2,258,267,10,1393,172,0.12347451543431442,0,0,0,0,170,0.12203876525484565,108,0.07753050969131371
2,259,268,10,1292,157,0.12151702786377709,0,0,0,0,156,0.12074303405572756,101,0.0781733746130031
2,260,269,10,1103,135,0.12239347234814144,0,0,0,0,129,0.11695376246600181,87,0.07887579329102448
2,261,270,10,1009,127,0.12586719524281467,0,0,0,0,116,0.11496531219028741,85,0.08424182358771061
2,262,271,10,1002,128,0.1277445109780439,0,0,0,0,106,0.10578842315369262,85,0.08483033932135728
2,263,272,10,1024,131,0.1279296875,0,0,0,0,107,0.1044921875,86,0.083984375
2,264,273,10,1114,149,0.13375224416517056,0,0,0,0,121,0.10861759425493717,90,0.0807899461400359
2,265,274,10,1016,127,0.125,0,0,0,0,107,0.10531496062992125,86,0.08464566929133858
2,266,275,10,1083,142,0.13111726685133887,0,0,0,0,119,0.10987996306555864,92,0.08494921514312095
2,267,276,10,980,132,0.1346938775510204,0,0,0,0,112,0.11428571428571428,87,0.08877551020408163
2,268,277,10,940,129,0.1372340425531915,0,0,0,0,113,0.1202127659574468,80,0.0851063829787234
2,269,278,10,924,131,0.14177489177489178,0,0,0,0,108,0.11688311688311688,79,0.0854978354978355
2,270,279,10,930,128,0.13763440860215054,0,0,0,0,113,0.12150537634408602,82,0.08817204301075268
2,271,280,10,926,125,0.13498920086393087,0,0,0,0,110,0.11879049676025918,77,0.08315334773218143
2,272,281,10,889,120,0.13498312710911137,0,0,0,0,110,0.12373453318335208,75,0.0843644544431946
2,273,282,10,1341,180,0.1342281879194631,0,0,0,0,164,0.12229679343773303,95,0.07084265473527218
2,274,283,10,1348,176,0.13056379821958458,0,0,0,0,160,0.11869436201780416,101,0.07492581602373888
2,275,284,10,1375,180,0.13090909090909092,0,0,0,0,160,0.11636363636363636,102,0.07418181818181818
2,276,285,10,1305,163,0.12490421455938697,0,0,0,0,149,0.11417624521072797,96,0.0735632183908046
2,277,286,10,1461,198,0.13552361396303902,0,0,0,0,165,0.11293634496919917,105,0.07186858316221766
3,1,10,10,615,94,0.15284552845528454,0,0,0,0,87,0.14146341463414633,37,0.06016260162601626
3,2,11,10,682,101,0.14809384164222875,0,0,0,0,94,0.1378299120234604,40,0.05865102639296188
3,3,12,10,702,99,0.14102564102564102,0,0,0,0,93,0.13247863247863248,41,0.0584045584045584
3,4,13,10,768,102,0.1328125,0,0,0,0,99,0.12890625,44,0.057291666666666664
3,5,14,10,819,114,0.1391941391941392,0,0,0,0,108,0.13186813186813187,49,0.05982905982905983
3,6,15,10,891,122,0.13692480359147025,0,0,0,0,112,0.12570145903479238,55,0.06172839506172839
3,7,16,10,890,125,0.1404494382022472,0,0,0,0,109,0.12247191011235956,53,0.05955056179775281
3,8,17,10,743,105,0.14131897711978467,0,0,0,0,92,0.12382234185733512,40,0.05383580080753701
3,9,18,10,761,111,0.14586070959264127,0,0,0,0,103,0.13534822601839686,42,0.05519053876478318
3,10,19,10,822,122,0.14841849148418493,0,0,0,0,111,0.13503649635036497,47,0.057177615571776155
3,11,20,10,881,129,0.14642451759364358,0,0,0,0,120,0.1362088535754824,48,0.05448354143019296
3,12,21,10,899,130,0.1446051167964405,0,0,0,0,122,0.135706340378198,48,0.05339265850945495
3,13,22,10,905,134,0.14806629834254142,0,0,0,0,122,0.13480662983425415,51,0.056353591160221
3,14,23,10,867,130,0.14994232987312572,0,0,0,0,116,0.13379469434832755,55,0.06343713956170703
3,15,24,10,806,119,0.14764267990074442,0,0,0,0,101,0.12531017369727046,54,0.06699751861042183
3,16,25,10,750,110,0.14666666666666667,0,0,0,0,95,0.12666666666666668,53,0.07066666666666667
3,17,26,10,794,109,0.13727959697732997,0,0,0,0,105,0.13224181360201512,62,0.07808564231738035
3,18,27,10,828,111,0.13405797101449277,0,0,0,0,113,0.13647342995169082,65,0.0785024154589372
3,19,28,10,871,111,0.12743972445464982,0,0,0,0,114,0.13088404133180254,72,0.08266360505166476
3,20,29,10,843,101,0.11981020166073547,0,0,0,0,109,0.12930011862396204,71,0.08422301304863583
3,21,30,10,815,95,0.1165644171779141,0,0,0,0,100,0.12269938650306748,74,0.09079754601226994
3,22,31,10,790,90,0.11392405063291139,0,0,0,0,98,0.1240506329113924,75,0.0949367088607595
3,23,32,10,788,91,0.11548223350253807,0,0,0,0,102,0.12944162436548223,70,0.08883248730964467
3,24,33,10,755,91,0.1205298013245033,0,0,0,0,100,0.13245033112582782,65,0.08609271523178808
3,25,34,10,717,81,0.11297071129707113,0,0,0,0,98,0.13668061366806136,61,0.08507670850767085
3,26,35,10,731,83,0.11354309165526676,0,0,0,0,99,0.1354309165526676,62,0.08481532147742818
3,27,36,10,747,87,0.11646586345381527,0,0,0,0,95,0.12717536813922356,60,0.08032128514056225
3,28,37,10,801,98,0.12234706616729088,0,0,0,0,95,0.11860174781523096,61,0.07615480649188515
3,29,38,10,739,91,0.12313937753721245,0,0,0,0,83,0.11231393775372124,52,0.07036535859269283
3,30,39,10,750,95,0.12666666666666668,0,0,0,0,83,0.11066666666666666,52,0.06933333333333333
3,31,40,10,716,94,0.13128491620111732,0,0,0,0,84,0.11731843575418995,45,0.06284916201117319
3,32,41,10,735,105,0.14285714285714285,0,0,0,0,87,0.11836734693877551,43,0.058503401360544216
3,33,42,10,747,109,0.1459170013386881,0,0,0,0,85,0.11378848728246319,47,0.06291834002677377
3,34,43,10,736,108,0.14673913043478262,0,0,0,0,80,0.10869565217391304,46,0.0625
3,35,44,10,790,111,0.14050632911392405,0,0,0,0,85,0.10759493670886076,54,0.06835443037974684
3,36,45,10,814,117,0.14373464373464373,0,0,0,0,89,0.10933660933660934,58,0.07125307125307126
3,37,46,10,737,109,0.14789687924016282,0,0,0,0,85,0.11533242876526459,53,0.07191316146540028
3,38,47,10,676,94,0.1390532544378698,0,0,0,0,82,0.12130177514792899,52,0.07692307692307693
3,39,48,10,657,94,0.1430745814307458,0,0,0,0,83,0.1263318112633181,52,0.0791476407914764
3,40,49,10,756,92,0.12169312169312169,0,0,0,0,90,0.11904761904761904,60,0.07936507936507936
3,41,50,10,773,91,0.11772315653298836,0,0,0,0,89,0.11513583441138421,66,0.08538163001293661
3,42,51,10,726,80,0.11019283746556474,0,0,0,0,80,0.11019283746556474,66,0.09090909090909091
3,43,52,10,753,82,0.10889774236387782,0,0,0,0,85,0.11288180610889774,69,0.09163346613545817
3,44,53,10,762,86,0.11286089238845144,0,0,0,0,87,0.1141732283464567,69,0.09055118110236221
3,45,54,10,711,86,0.1209563994374121,0,0,0,0,84,0.11814345991561181,61,0.08579465541490858
3,46,55,10,753,87,0.11553784860557768,0,0,0,0,86,0.11420982735723771,62,0.08233731739707835
3,47,56,10,780,92,0.11794871794871795,0,0,0,0,84,0.1076923076923077,64,0.08205128205128205
3,48,57,10,759,95,0.1251646903820817,0,0,0,0,82,0.1080368906455863,65,0.08563899868247694
3,49,58,10,756,93,0.12301587301587301,0,0,0,0,82,0.10846560846560846,65,0.08597883597883597
3,50,59,10,613,84,0.1370309951060359,0,0,0,0,71,0.11582381729200653,55,0.08972267536704731
3,51,60,10,557,79,0.14183123877917414,0,0,0,0,65,0.11669658886894076,50,0.08976660682226212
3,52,61,10,636,91,0.1430817610062893,0,0,0,0,74,0.11635220125786164,56,0.0880503144654088
3,53,62,10,605,86,0.14214876033057852,0,0,0,0,73,0.1206611570247934,52,0.0859504132231405
3,54,63,10,587,79,0.13458262350936967,0,0,0,0,74,0.1260647359454855,51,0.0868824531516184
3,55,64,10,686,97,0.141399416909621,0,0,0,0,86,0.12536443148688048,53,0.07725947521865889
3,56,65,10,624,94,0.15064102564102563,0,0,0,0,84,0.1346153846153846,45,0.07211538461538461
3,57,66,10,640,91,0.1421875,0,0,0,0,92,0.14375,52,0.08125
3,58,67,10,641,93,0.14508580343213728,0,0,0,0,87,0.1357254290171607,53,0.08268330733229329
3,59,68,10,676,99,0.14644970414201183,0,0,0,0,91,0.1346153846153846,55,0.08136094674556213
3,60,69,10,682,102,0.1495601173020528,0,0,0,0,90,0.13196480938416422,55,0.08064516129032258
3,61,70,10,696,104,0.14942528735632185,0,0,0,0,92,0.13218390804597702,53,0.07614942528735633
3,62,71,10,634,95,0.1498422712933754,0,0,0,0,90,0.14195583596214512,48,0.07570977917981073
3,63,72,10,657,98,0.1491628614916286,0,0,0,0,88,0.1339421613394216,49,0.0745814307458143
3,64,73,10,746,107,0.14343163538873996,0,0,0,0,99,0.13270777479892762,57,0.07640750670241286
3,65,74,10,651,88,0.13517665130568357,0,0,0,0,87,0.1336405529953917,55,0.08448540706605223
3,66,75,10,725,92,0.12689655172413794,0,0,0,0,96,0.13241379310344828,65,0.0896551724137931
3,67,76,10,685,87,0.12700729927007298,0,0,0,0,88,0.12846715328467154,55,0.08029197080291971
3,68,77,10,740,89,0.12027027027027028,0,0,0,0,104,0.14054054054054055,60,0.08108108108108109
3,69,78,10,793,92,0.11601513240857503,0,0,0,0,112,0.14123581336696092,67,0.08448928121059268
3,70,79,10,859,104,0.1210710128055879,0,0,0,0,121,0.1408614668218859,71,0.08265424912689173
3,71,80,10,888,107,0.1204954954954955,0,0,0,0,122,0.1373873873873874,77,0.08671171171171171
3,72,81,10,985,117,0.11878172588832488,0,0,0,0,127,0.12893401015228426,91,0.09238578680203045
3,73,82,10,935,107,0.1144385026737968,0,0,0,0,121,0.12941176470588237,89,0.09518716577540107
3,74,83,10,880,102,0.1159090909090909,0,0,0,0,112,0.12727272727272726,82,0.09318181818181819
3,75,84,10,971,111,0.11431513903192585,0,0,0,0,120,0.12358393408856849,92,0.09474768280123584
3,76,85,10,878,102,0.11617312072892938,0,0,0,0,107,0.12186788154897495,82,0.09339407744874716
3,77,86,10,926,113,0.12203023758099352,0,0,0,0,114,0.12311015118790497,86,0.09287257019438445
3,78,87,10,857,104,0.12135355892648775,0,0,0,0,102,0.11901983663943991,78,0.09101516919486581
3,79,88,10,774,97,0.12532299741602068,0,0,0,0,88,0.11369509043927649,69,0.08914728682170543
3,80,89,10,697,85,0.12195121951219512,0,0,0,0,79,0.1133428981348637,62,0.08895265423242468
3,81,90,10,691,86,0.12445730824891461,0,0,0,0,79,0.11432706222865413,59,0.085383502170767
3,82,91,10,634,80,0.12618296529968454,0,0,0,0,75,0.11829652996845426,51,0.0804416403785489
3,83,92,10,662,86,0.1299093655589124,0,0,0,0,77,0.1163141993957704,54,0.08157099697885196
3,84,93,10,700,95,0.1357142857142857,0,0,0,0,84,0.12,56,0.08
3,85,94,10,618,87,0.1407766990291262,0,0,0,0,79,0.127831715210356,47,0.07605177993527508
3,86,95,10,614,89,0.1449511400651466,0,0,0,0,78,0.1270358306188925,48,0.0781758957654723
3,87,96,10,572,79,0.1381118881118881,0,0,0,0,75,0.13111888111888112,44,0.07692307692307693
3,88,97,10,627,88,0.14035087719298245,0,0,0,0,79,0.12599681020733652,48,0.07655502392344497
3,89,98,10,640,89,0.1390625,0,0,0,0,85,0.1328125,49,0.0765625
3,90,99,10,675,94,0.13925925925925925,0,0,0,0,90,0.13333333333333333,54,0.08
3,91,100,10,682,97,0.14222873900293256,0,0,0,0,87,0.12756598240469208,54,0.07917888563049853
3,92,101,10,665,90,0.13533834586466165,0,0,0,0,85,0.12781954887218044,51,0.07669172932330827
3,93,102,10,662,92,0.13897280966767372,0,0,0,0,85,0.1283987915407855,51,0.0770392749244713
3,94,103,10,721,94,0.130374479889043,0,0,0,0,88,0.12205270457697642,60,0.08321775312066575
3,95,104,10,748,93,0.12433155080213903,0,0,0,0,88,0.11764705882352941,64,0.0855614973262032
3,96,105,10,766,96,0.12532637075718014,0,0,0,0,89,0.11618798955613577,64,0.0835509138381201
3,97,106,10,806,100,0.12406947890818859,0,0,0,0,83,0.10297766749379653,70,0.08684863523573201
3,98,107,10,747,91,0.12182061579651941,0,0,0,0,75,0.10040160642570281,66,0.08835341365461848
3,99,108,10,747,92,0.12315930388219545,0,0,0,0,77,0.10307898259705489,66,0.08835341365461848
3,100,109,10,714,89,0.12464985994397759,0,0,0,0,74,0.10364145658263306,63,0.08823529411764706
3,101,110,10,760,88,0.11578947368421053,0,0,0,0,84,0.11052631578947368,71,0.09342105263157895
3,102,111,10,734,89,0.12125340599455041,0,0,0,0,82,0.11171662125340599,68,0.09264305177111716
3,103,112,10,834,100,0.11990407673860912,0,0,0,0,95,0.11390887290167866,72,0.08633093525179857
3,104,113,10,735,91,0.12380952380952381,0,0,0,0,87,0.11836734693877551,62,0.08435374149659863
3,105,114,10,748,97,0.12967914438502673,0,0,0,0,89,0.11898395721925134,60,0.08021390374331551
3,106,115,10,723,90,0.12448132780082988,0,0,0,0,89,0.12309820193637622,59,0.08160442600276625
3,107,116,10,720,94,0.13055555555555556,0,0,0,0,97,0.13472222222222222,57,0.07916666666666666
3,108,117,10,776,98,0.12628865979381443,0,0,0,0,104,0.13402061855670103,64,0.08247422680412371
3,109,118,10,853,109,0.12778429073856976,0,0,0,0,101,0.11840562719812427,73,0.08558030480656506
3,110,119,10,937,120,0.128068303094984,0,0,0,0,109,0.11632870864461047,81,0.0864461045891142
3,111,120,10,912,117,0.12828947368421054,0,0,0,0,100,0.10964912280701754,77,0.08442982456140351
3,112,121,10,913,116,0.12705366922234393,0,0,0,0,102,0.11171960569550932,79,0.08652792990142388
3,113,122,10,817,102,0.12484700122399021,0,0,0,0,93,0.11383108935128519,76,0.09302325581395349
3,114,123,10,805,97,0.12049689440993788,0,0,0,0,92,0.11428571428571428,75,0.09316770186335403
3,115,124,10,781,91,0.11651728553137004,0,0,0,0,91,0.11651728553137004,78,0.0998719590268886
3,116,125,10,810,93,0.11481481481481481,0,0,0,0,89,0.10987654320987654,85,0.10493827160493827
3,117,126,10,800,90,0.1125,0,0,0,0,92,0.115,86,0.1075
3,118,127,10,744,85,0.11424731182795698,0,0,0,0,84,0.11290322580645161,77,0.10349462365591398
3,119,128,10,662,68,0.1027190332326284,0,0,0,0,80,0.12084592145015106,71,0.10725075528700906
3,120,129,10,596,58,0.09731543624161074,0,0,0,0,71,0.11912751677852348,65,0.10906040268456375
3,121,130,10,569,64,0.11247803163444639,0,0,0,0,76,0.1335676625659051,59,0.10369068541300527
3,122,131,10,546,66,0.12087912087912088,0,0,0,0,72,0.13186813186813187,53,0.09706959706959707
3,123,132,10,517,62,0.11992263056092843,0,0,0,0,68,0.13152804642166344,49,0.09477756286266925
3,124,133,10,524,65,0.12404580152671756,0,0,0,0,65,0.12404580152671756,51,0.09732824427480916
3,125,134,10,536,75,0.13992537313432835,0,0,0,0,66,0.12313432835820895,44,0.08208955223880597
3,126,135,10,570,84,0.14736842105263157,0,0,0,0,76,0.13333333333333333,41,0.07192982456140351
3,127,136,10,572,84,0.14685314685314685,0,0,0,0,68,0.11888111888111888,41,0.07167832167832168
3,128,137,10,583,86,0.14751286449399656,0,0,0,0,69,0.1183533447684391,42,0.07204116638078903
3,129,138,10,567,87,0.15343915343915343,0,0,0,0,68,0.11992945326278659,38,0.06701940035273368
3,130,139,10,545,83,0.15229357798165138,0,0,0,0,65,0.11926605504587157,36,0.06605504587155964
3,131,140,10,589,84,0.14261460101867574,0,0,0,0,72,0.12224108658743633,44,0.07470288624787776
3,132,141,10,595,83,0.13949579831932774,0,0,0,0,73,0.1226890756302521,47,0.07899159663865546
3,133,142,10,626,89,0.14217252396166133,0,0,0,0,76,0.12140575079872204,52,0.08306709265175719
3,134,143,10,622,83,0.13344051446945338,0,0,0,0,75,0.12057877813504823,53,0.08520900321543408
3,135,144,10,660,80,0.12121212121212122,0,0,0,0,82,0.12424242424242424,59,0.0893939393939394
3,136,145,10,657,81,0.1232876712328767,0,0,0,0,76,0.1156773211567732,58,0.0882800608828006
3,137,146,10,675,87,0.1288888888888889,0,0,0,0,79,0.11703703703703704,58,0.08592592592592592
3,138,147,10,708,99,0.13983050847457626,0,0,0,0,82,0.11581920903954802,60,0.0847457627118644
3,139,148,10,730,105,0.14383561643835616,0,0,0,0,85,0.11643835616438356,60,0.0821917808219178
3,140,149,10,753,110,0.1460823373173971,0,0,0,0,85,0.11288180610889774,59,0.07835325365205843
3,141,150,10,673,99,0.14710252600297177,0,0,0,0,74,0.1099554234769688,50,0.07429420505200594
3,142,151,10,726,108,0.1487603305785124,0,0,0,0,81,0.1115702479338843,54,0.0743801652892562
3,143,152,10,837,112,0.13381123058542413,0,0,0,0,87,0.1039426523297491,70,0.08363201911589008
3,144,153,10,893,125,0.13997760358342665,0,0,0,0,95,0.10638297872340426,75,0.083986562150056
3,145,154,10,1082,144,0.133086876155268,0,0,0,0,120,0.11090573012939002,97,0.08964879852125693
3,146,155,10,1072,142,0.13246268656716417,0,0,0,0,124,0.11567164179104478,99,0.09235074626865672
3,147,156,10,1142,155,0.13572679509632224,0,0,0,0,135,0.11821366024518389,101,0.08844133099824869
3,148,157,10,1108,139,0.12545126353790614,0,0,0,0,136,0.12274368231046931,105,0.09476534296028881
3,149,158,10,1085,131,0.12073732718894009,0,0,0,0,135,0.12442396313364056,106,0.09769585253456221
3,150,159,10,1146,135,0.11780104712041885,0,0,0,0,151,0.13176265270506107,114,0.09947643979057591
3,151,160,10,1196,138,0.11538461538461539,0,0,0,0,159,0.13294314381270902,120,0.10033444816053512
3,152,161,10,1180,131,0.11101694915254237,0,0,0,0,156,0.13220338983050847,122,0.10338983050847457
3,153,162,10,1063,125,0.11759172154280338,0,0,0,0,146,0.13734713076199437,105,0.09877704609595485
3,154,163,10,989,115,0.11627906976744186,0,0,0,0,139,0.14054600606673406,97,0.0980788675429727
3,155,164,10,797,95,0.1191969887076537,0,0,0,0,112,0.14052697616060225,80,0.10037641154328733
3,156,165,10,781,86,0.11011523687580026,0,0,0,0,108,0.1382842509603073,79,0.10115236875800256
3,157,166,10,669,65,0.09715994020926756,0,0,0,0,96,0.14349775784753363,77,0.11509715994020926
3,158,167,10,772,83,0.10751295336787564,0,0,0,0,113,0.14637305699481865,83,0.10751295336787564
3,159,168,10,819,95,0.115995115995116,0,0,0,0,114,0.1391941391941392,85,0.10378510378510379
3,160,169,10,749,88,0.11748998664886515,0,0,0,0,101,0.1348464619492657,76,0.10146862483311081
3,161,170,10,750,88,0.11733333333333333,0,0,0,0,98,0.13066666666666665,77,0.10266666666666667
3,162,171,10,727,85,0.11691884456671252,0,0,0,0,96,0.13204951856946354,72,0.09903713892709766
3,163,172,10,743,89,0.11978465679676985,0,0,0,0,99,0.13324360699865412,72,0.09690444145356662
3,164,173,10,787,101,0.12833545108005082,0,0,0,0,105,0.13341804320203304,76,0.096569250317662
3,165,174,10,745,99,0.13288590604026845,0,0,0,0,100,0.1342281879194631,69,0.09261744966442953
3,166,175,10,724,101,0.13950276243093923,0,0,0,0,96,0.13259668508287292,67,0.0925414364640884
3,167,176,10,767,106,0.13820078226857888,0,0,0,0,102,0.13298565840938723,64,0.08344198174706649
3,168,177,10,664,95,0.1430722891566265,0,0,0,0,85,0.1280120481927711,52,0.0783132530120482
3,169,178,10,665,91,0.1368421052631579,0,0,0,0,87,0.13082706766917293,57,0.08571428571428572
3,170,179,10,759,101,0.13306982872200263,0,0,0,0,102,0.13438735177865613,70,0.0922266139657444
3,171,180,10,807,111,0.137546468401487,0,0,0,0,110,0.13630731102850063,73,0.09045848822800495
3,172,181,10,856,121,0.1413551401869159,0,0,0,0,116,0.13551401869158877,72,0.08411214953271028
3,173,182,10,823,113,0.13730255164034022,0,0,0,0,115,0.13973268529769137,70,0.0850546780072904
3,174,183,10,867,112,0.12918108419838523,0,0,0,0,122,0.14071510957324107,71,0.08189158016147635
3,175,184,10,857,112,0.1306884480746791,0,0,0,0,118,0.13768961493582263,67,0.07817969661610269
3,176,185,10,905,122,0.13480662983425415,0,0,0,0,124,0.13701657458563535,69,0.07624309392265194
3,177,186,10,924,121,0.13095238095238096,0,0,0,0,121,0.13095238095238096,76,0.08225108225108226
3,178,187,10,971,125,0.12873326467559218,0,0,0,0,123,0.1266735324407827,78,0.08032955715756952
3,179,188,10,982,128,0.13034623217922606,0,0,0,0,122,0.12423625254582485,77,0.07841140529531568
3,180,189,10,872,116,0.13302752293577982,0,0,0,0,109,0.125,64,0.07339449541284404
3,181,190,10,803,111,0.1382316313823163,0,0,0,0,104,0.1295143212951432,53,0.0660024906600249
3,182,191,10,807,116,0.14374225526641884,0,0,0,0,101,0.1251548946716233,54,0.06691449814126393
3,183,192,10,816,119,0.14583333333333334,0,0,0,0,99,0.1213235294117647,54,0.0661764705882353
3,184,193,10,791,123,0.1554993678887484,0,0,0,0,85,0.10745891276864729,53,0.06700379266750948
3,185,194,10,795,126,0.15849056603773584,0,0,0,0,86,0.10817610062893082,55,0.06918238993710692
3,186,195,10,884,133,0.1504524886877828,0,0,0,0,93,0.10520361990950226,63,0.07126696832579185
3,187,196,10,804,127,0.15796019900497513,0,0,0,0,88,0.10945273631840796,52,0.06467661691542288
3,188,197,10,735,117,0.15918367346938775,0,0,0,0,81,0.11020408163265306,53,0.07210884353741497
3,189,198,10,734,119,0.16212534059945505,0,0,0,0,85,0.11580381471389646,49,0.0667574931880109
3,190,199,10,818,128,0.15647921760391198,0,0,0,0,97,0.11858190709046455,58,0.07090464547677261
3,191,200,10,818,129,0.15770171149144255,0,0,0,0,90,0.1100244498777506,59,0.07212713936430318
7,1,10,10,416,54,0.12980769230769232,0,0,3,0.007211538461538462,45,0.10817307692307693,37,0.0889423076923077
7,2,11,10,485,63,0.12989690721649486,0,0,3,0.006185567010309278,55,0.1134020618556701,44,0.09072164948453608
7,3,12,10,493,67,0.1359026369168357,0,0,2,0.004056795131845842,54,0.10953346855983773,47,0.09533468559837728
7,4,13,10,485,67,0.13814432989690723,0,0,3,0.006185567010309278,51,0.10515463917525773,44,0.09072164948453608
7,5,14,10,463,60,0.12958963282937366,0,0,3,0.0064794816414686825,51,0.1101511879049676,42,0.09071274298056156
7,6,15,10,433,51,0.11778290993071594,0,0,3,0.006928406466512702,50,0.11547344110854503,40,0.09237875288683603
7,7,16,10,433,53,0.12240184757505773,0,0,4,0.009237875288683603,45,0.10392609699769054,42,0.09699769053117784
7,8,17,10,472,54,0.11440677966101695,0,0,3,0.006355932203389831,46,0.09745762711864407,50,0.1059322033898305
7,9,18,10,481,55,0.11434511434511435,0,0,3,0.006237006237006237,44,0.09147609147609148,57,0.11850311850311851
7,10,19,10,495,58,0.11717171717171718,0,0,3,0.006060606060606061,47,0.09494949494949495,57,0.11515151515151516
7,11,20,10,551,69,0.12522686025408347,0,0,3,0.0054446460980036296,51,0.0925589836660617,63,0.11433756805807622
7,12,21,10,504,64,0.12698412698412698,0,0,3,0.005952380952380952,43,0.08531746031746032,59,0.11706349206349206
7,13,22,10,578,81,0.14013840830449828,0,0,4,0.006920415224913495,51,0.08823529411764706,67,0.11591695501730104
7,14,23,10,582,82,0.140893470790378,0,0,3,0.005154639175257732,54,0.09278350515463918,68,0.11683848797250859
7,15,24,10,610,86,0.14098360655737704,0,0,3,0.004918032786885246,57,0.09344262295081968,71,0.11639344262295082
7,16,25,10,628,88,0.14012738853503184,0,0,3,0.004777070063694267,56,0.08917197452229299,71,0.11305732484076433
7,17,26,10,677,94,0.13884785819793205,0,0,2,0.0029542097488921715,63,0.0930576070901034,72,0.10635155096011817
7,18,27,10,750,109,0.14533333333333334,0,0,2,0.0026666666666666666,72,0.096,74,0.09866666666666667
7,19,28,10,791,123,0.1554993678887484,0,0,2,0.0025284450063211127,84,0.10619469026548672,66,0.08343868520859671
7,20,29,10,792,117,0.14772727272727273,0,0,3,0.003787878787878788,84,0.10606060606060606,68,0.08585858585858586
7,21,30,10,766,109,0.1422976501305483,0,0,3,0.0039164490861618795,82,0.10704960835509138,62,0.08093994778067885
7,22,31,10,805,113,0.14037267080745341,0,0,2,0.002484472049689441,84,0.10434782608695652,62,0.07701863354037267
7,23,32,10,786,106,0.13486005089058525,0,0,3,0.003816793893129771,90,0.11450381679389313,56,0.07124681933842239
7,24,33,10,842,115,0.13657957244655583,0,0,3,0.0035629453681710215,100,0.1187648456057007,62,0.07363420427553444
7,25,34,10,842,115,0.13657957244655583,0,0,3,0.0035629453681710215,101,0.11995249406175772,61,0.07244655581947744
7,26,35,10,883,117,0.13250283125707815,0,0,5,0.0056625141562853904,106,0.12004530011325028,68,0.07701019252548132
7,27,36,10,857,119,0.13885647607934656,0,0,6,0.007001166861143524,99,0.11551925320886815,64,0.07467911318553092
7,28,37,10,877,122,0.13911060433295325,0,0,7,0.00798175598631699,100,0.11402508551881414,65,0.07411630558722919
7,29,38,10,945,131,0.13862433862433862,0,0,7,0.007407407407407408,106,0.11216931216931217,74,0.07830687830687831
7,30,39,10,936,136,0.1452991452991453,0,0,6,0.00641025641025641,107,0.11431623931623931,74,0.07905982905982906
7,31,40,10,962,143,0.14864864864864866,0,0,6,0.006237006237006237,112,0.11642411642411643,75,0.07796257796257797
7,32,41,10,940,138,0.14680851063829786,0,0,6,0.006382978723404255,111,0.11808510638297873,78,0.08297872340425531
7,33,42,10,898,136,0.1514476614699332,0,0,6,0.0066815144766146995,102,0.11358574610244988,73,0.08129175946547884
7,34,43,10,941,142,0.15090329436769395,0,0,7,0.007438894792773645,105,0.11158342189160468,75,0.07970244420828905
7,35,44,10,1004,155,0.15438247011952191,0,0,9,0.008964143426294821,109,0.10856573705179283,80,0.0796812749003984
7,36,45,10,977,155,0.1586489252814739,0,0,8,0.008188331627430911,108,0.1105424769703173,72,0.0736949846468782
7,37,46,10,1008,156,0.15476190476190477,0,0,8,0.007936507936507936,113,0.11210317460317461,79,0.07837301587301587
7,38,47,10,910,148,0.16263736263736264,0,0,10,0.01098901098901099,107,0.11758241758241758,69,0.07582417582417582
7,39,48,10,818,131,0.16014669926650366,0,0,11,0.013447432762836185,88,0.10757946210268948,65,0.07946210268948656
7,40,49,10,825,131,0.15878787878787878,0,0,11,0.013333333333333334,92,0.11151515151515151,64,0.07757575757575758
7,41,50,10,808,132,0.16336633663366337,0,0,13,0.01608910891089109,90,0.11138613861386139,65,0.08044554455445545
7,42,51,10,861,148,0.1718931475029036,0,0,13,0.015098722415795587,93,0.10801393728222997,66,0.07665505226480836
7,43,52,10,835,137,0.16407185628742516,0,0,12,0.01437125748502994,88,0.10538922155688622,68,0.081437125748503
7,44,53,10,830,128,0.15421686746987953,0,0,11,0.01325301204819277,85,0.10240963855421686,64,0.07710843373493977
7,45,54,10,865,134,0.15491329479768787,0,0,9,0.010404624277456647,100,0.11560693641618497,67,0.07745664739884393
7,46,55,10,853,133,0.1559202813599062,0,0,8,0.009378663540445486,97,0.11371629542790153,68,0.07971864009378664
7,47,56,10,829,130,0.15681544028950542,0,0,8,0.009650180940892641,94,0.11338962605548854,64,0.07720144752714113
7,48,57,10,892,133,0.1491031390134529,0,0,5,0.005605381165919282,101,0.1132286995515695,67,0.07511210762331838
7,49,58,10,894,131,0.1465324384787472,0,0,5,0.005592841163310962,107,0.11968680089485459,59,0.06599552572706935
7,50,59,10,901,131,0.1453940066592675,0,0,5,0.005549389567147614,105,0.11653718091009989,61,0.06770255271920089
7,51,60,10,845,118,0.13964497041420118,0,0,3,0.0035502958579881655,100,0.11834319526627218,58,0.06863905325443787
7,52,61,10,788,103,0.13071065989847716,0,0,3,0.0038071065989847717,101,0.1281725888324873,53,0.06725888324873096
7,53,62,10,787,105,0.13341804320203304,0,0,3,0.0038119440914866584,104,0.13214739517153748,54,0.06861499364675985
7,54,63,10,698,92,0.1318051575931232,0,0,3,0.004297994269340974,94,0.1346704871060172,55,0.07879656160458452
7,55,64,10,623,79,0.12680577849117175,0,0,3,0.004815409309791332,73,0.11717495987158909,48,0.07704654895666131
7,56,65,10,646,84,0.13003095975232198,0,0,3,0.0046439628482972135,78,0.12074303405572756,51,0.07894736842105263
7,57,66,10,638,84,0.13166144200626959,0,0,2,0.003134796238244514,79,0.1238244514106583,51,0.07993730407523511
7,58,67,10,552,72,0.13043478260869565,0,0,2,0.0036231884057971015,70,0.12681159420289856,47,0.08514492753623189
7,59,68,10,508,67,0.13188976377952755,0,0,2,0.003937007874015748,64,0.12598425196850394,49,0.09645669291338582
7,60,69,10,547,67,0.12248628884826325,0,0,2,0.003656307129798903,68,0.12431444241316271,53,0.09689213893967093
7,61,70,10,587,75,0.12776831345826234,0,0,3,0.005110732538330494,67,0.1141396933560477,52,0.08858603066439523
7,62,71,10,657,82,0.1248097412480974,0,0,3,0.0045662100456621,67,0.1019786910197869,63,0.0958904109589041
7,63,72,10,680,89,0.13088235294117648,0,0,2,0.0029411764705882353,61,0.08970588235294118,63,0.09264705882352942
7,64,73,10,758,104,0.13720316622691292,0,0,3,0.00395778364116095,70,0.09234828496042216,67,0.08839050131926121
7,65,74,10,800,110,0.1375,0,0,4,0.005,77,0.09625,68,0.085
7,66,75,10,838,113,0.13484486873508353,0,0,5,0.0059665871121718375,82,0.09785202863961814,76,0.09069212410501193
7,67,76,10,817,110,0.1346389228886169,0,0,5,0.006119951040391677,78,0.09547123623011015,74,0.09057527539779682
7,68,77,10,844,118,0.13981042654028436,0,0,6,0.0071090047393364926,77,0.09123222748815166,76,0.09004739336492891
7,69,78,10,847,118,0.13931523022432113,0,0,6,0.0070838252656434475,75,0.0885478158205431,76,0.089728453364817
7,70,79,10,795,114,0.14339622641509434,0,0,8,0.010062893081761006,71,0.08930817610062892,68,0.08553459119496855
7,71,80,10,776,109,0.1404639175257732,0,0,7,0.00902061855670103,72,0.09278350515463918,71,0.09149484536082474
7,72,81,10,714,101,0.14145658263305322,0,0,7,0.00980392156862745,69,0.09663865546218488,62,0.08683473389355742
7,73,82,10,702,96,0.13675213675213677,0,0,7,0.009971509971509971,69,0.09829059829059829,62,0.08831908831908832
7,74,83,10,601,85,0.14143094841930118,0,0,6,0.009983361064891847,57,0.09484193011647254,51,0.08485856905158069
7,75,84,10,528,74,0.14015151515151514,0,0,5,0.00946969696969697,48,0.09090909090909091,51,0.09659090909090909
7,76,85,10,591,84,0.14213197969543148,0,0,5,0.008460236886632826,52,0.08798646362098139,54,0.09137055837563451
7,77,86,10,663,91,0.13725490196078433,0,0,7,0.010558069381598794,57,0.08597285067873303,57,0.08597285067873303
7,78,87,10,681,90,0.13215859030837004,0,0,7,0.010279001468428781,58,0.08516886930983847,59,0.08663729809104258
7,79,88,10,742,99,0.1334231805929919,0,0,6,0.008086253369272238,67,0.09029649595687332,63,0.08490566037735849
7,80,89,10,842,120,0.14251781472684086,0,0,4,0.004750593824228029,76,0.09026128266033254,65,0.07719714964370546
7,81,90,10,842,120,0.14251781472684086,0,0,4,0.004750593824228029,76,0.09026128266033254,64,0.07600950118764846
7,82,91,10,828,120,0.14492753623188406,0,0,5,0.006038647342995169,72,0.08695652173913043,62,0.0748792270531401
7,83,92,10,833,125,0.15006002400960383,0,0,5,0.006002400960384154,74,0.08883553421368548,58,0.06962785114045618
7,84,93,10,862,124,0.14385150812064965,0,0,6,0.0069605568445475635,78,0.09048723897911833,61,0.07076566125290024
7,85,94,10,880,127,0.14431818181818182,0,0,6,0.006818181818181818,83,0.09431818181818181,59,0.06704545454545455
7,86,95,10,802,119,0.1483790523690773,0,0,5,0.006234413965087282,74,0.09226932668329177,48,0.059850374064837904
7,87,96,10,778,119,0.15295629820051415,0,0,3,0.0038560411311053984,74,0.09511568123393316,49,0.06298200514138817
7,88,97,10,734,112,0.15258855585831063,0,0,2,0.0027247956403269754,70,0.09536784741144415,46,0.06267029972752043
7,89,98,10,678,101,0.14896755162241887,0,0,2,0.0029498525073746312,63,0.09292035398230089,42,0.061946902654867256
7,90,99,10,560,82,0.14642857142857144,0,0,2,0.0035714285714285713,53,0.09464285714285714,41,0.07321428571428572
7,91,100,10,587,79,0.13458262350936967,0,0,3,0.005110732538330494,56,0.09540034071550256,43,0.07325383304940375
7,92,101,10,658,90,0.13677811550151975,0,0,3,0.004559270516717325,69,0.10486322188449848,47,0.07142857142857142
7,93,102,10,640,82,0.128125,0,0,3,0.0046875,67,0.1046875,49,0.0765625
7,94,103,10,647,86,0.13292117465224113,0,0,2,0.0030911901081916537,64,0.09891808346213292,51,0.07882534775888717
7,95,104,10,622,81,0.1302250803858521,0,0,2,0.003215434083601286,61,0.09807073954983923,51,0.0819935691318328
7,96,105,10,606,71,0.11716171617161716,0,0,2,0.0033003300330033004,64,0.10561056105610561,50,0.08250825082508251
7,97,106,10,557,61,0.10951526032315978,0,0,3,0.005385996409335727,58,0.10412926391382406,45,0.0807899461400359
7,98,107,10,541,59,0.10905730129390019,0,0,4,0.0073937153419593345,57,0.10536044362292052,42,0.07763401109057301
7,99,108,10,529,60,0.11342155009451796,0,0,4,0.007561436672967864,56,0.10586011342155009,39,0.07372400756143667
7,100,109,10,516,56,0.10852713178294573,0,0,4,0.007751937984496124,53,0.10271317829457365,38,0.07364341085271318
7,101,110,10,467,53,0.11349036402569593,0,0,3,0.006423982869379015,44,0.09421841541755889,36,0.07708779443254818
7,102,111,10,397,44,0.11083123425692695,0,0,2,0.005037783375314861,33,0.08312342569269521,30,0.07556675062972293
7,103,112,10,371,41,0.1105121293800539,0,0,2,0.005390835579514825,33,0.0889487870619946,27,0.07277628032345014
7,104,113,10,345,41,0.11884057971014493,0,0,2,0.005797101449275362,35,0.10144927536231885,20,0.057971014492753624
7,105,114,10,333,39,0.11711711711711711,0,0,2,0.006006006006006006,34,0.1021021021021021,21,0.06306306306306306
7,106,115,10,307,40,0.13029315960912052,0,0,2,0.006514657980456026,28,0.09120521172638436,21,0.06840390879478828
7,107,116,10,327,46,0.14067278287461774,0,0,1,0.0030581039755351682,31,0.09480122324159021,23,0.07033639143730887
7,108,117,10,345,47,0.13623188405797101,0,0,1,0.002898550724637681,33,0.09565217391304348,24,0.06956521739130435
7,109,118,10,344,48,0.13953488372093023,0,0,1,0.0029069767441860465,34,0.09883720930232558,26,0.0755813953488372
7,110,119,10,337,49,0.14540059347181009,0,0,2,0.005934718100890208,32,0.09495548961424333,22,0.06528189910979229
7,111,120,10,323,49,0.15170278637770898,0,0,2,0.006191950464396285,34,0.10526315789473684,17,0.05263157894736842
7,112,121,10,309,48,0.1553398058252427,0,0,2,0.006472491909385114,34,0.11003236245954692,18,0.05825242718446602
7,113,122,10,305,48,0.15737704918032788,0,0,2,0.006557377049180328,32,0.10491803278688525,18,0.05901639344262295
7,114,123,10,338,45,0.13313609467455623,0,0,2,0.005917159763313609,34,0.10059171597633136,27,0.07988165680473373
7,115,124,10,357,44,0.12324929971988796,0,0,3,0.008403361344537815,36,0.10084033613445378,29,0.08123249299719888
7,116,125,10,339,42,0.12389380530973451,0,0,3,0.008849557522123894,35,0.10324483775811209,26,0.07669616519174041
7,117,126,10,350,45,0.12857142857142856,0,0,4,0.011428571428571429,34,0.09714285714285714,30,0.08571428571428572
7,118,127,10,409,50,0.12224938875305623,0,0,3,0.007334963325183374,39,0.09535452322738386,36,0.08801955990220049
7,119,128,10,462,58,0.12554112554112554,0,0,4,0.008658008658008658,46,0.09956709956709957,39,0.08441558441558442
7,120,129,10,526,61,0.11596958174904944,0,0,3,0.005703422053231939,50,0.09505703422053231,46,0.08745247148288973
7,121,130,10,556,63,0.11330935251798561,0,0,4,0.007194244604316547,54,0.09712230215827339,49,0.08812949640287769
7,122,131,10,632,70,0.11075949367088607,0,0,5,0.007911392405063292,60,0.0949367088607595,56,0.08860759493670886
7,123,132,10,667,76,0.11394302848575712,0,0,5,0.0074962518740629685,63,0.0944527736131934,61,0.09145427286356822
7,124,133,10,668,86,0.12874251497005987,0,0,6,0.008982035928143712,64,0.09580838323353294,59,0.08832335329341318
7,125,134,10,718,96,0.13370473537604458,0,0,5,0.006963788300835654,71,0.0988857938718663,59,0.08217270194986072
7,126,135,10,739,97,0.13125845737483086,0,0,5,0.006765899864682003,73,0.09878213802435724,62,0.08389715832205684
7,127,136,10,732,95,0.12978142076502733,0,0,4,0.00546448087431694,71,0.09699453551912568,61,0.08333333333333333
7,128,137,10,772,109,0.1411917098445596,0,0,6,0.007772020725388601,71,0.09196891191709844,63,0.08160621761658031
7,129,138,10,795,111,0.13962264150943396,0,0,6,0.007547169811320755,74,0.0930817610062893,66,0.0830188679245283
7,130,139,10,742,109,0.14690026954177898,0,0,6,0.008086253369272238,70,0.09433962264150944,64,0.0862533692722372
7,131,140,10,735,110,0.14965986394557823,0,0,5,0.006802721088435374,72,0.09795918367346938,64,0.08707482993197278
7,132,141,10,726,104,0.14325068870523416,0,0,4,0.005509641873278237,68,0.09366391184573003,65,0.08953168044077135
7,133,142,10,789,108,0.13688212927756654,0,0,5,0.0063371356147021544,77,0.09759188846641319,67,0.08491761723700887
7,134,143,10,877,113,0.12884834663625996,0,0,5,0.005701254275940707,90,0.10262257696693272,70,0.07981755986316989
7,135,144,10,851,113,0.13278495887191538,0,0,6,0.007050528789659225,84,0.09870740305522914,68,0.0799059929494712
7,136,145,10,898,118,0.13140311804008908,0,0,7,0.0077951002227171495,87,0.09688195991091314,69,0.07683741648106904
7,137,146,10,992,129,0.13004032258064516,0,0,8,0.008064516129032258,99,0.09979838709677419,65,0.0655241935483871
7,138,147,10,915,117,0.12786885245901639,0,0,6,0.006557377049180328,98,0.10710382513661203,59,0.06448087431693988
7,139,148,10,905,115,0.1270718232044199,0,0,5,0.0055248618784530384,94,0.10386740331491713,61,0.06740331491712707
7,140,149,10,943,119,0.1261930010604454,0,0,5,0.005302226935312832,99,0.10498409331919406,62,0.06574761399787911
7,141,150,10,1078,134,0.12430426716141002,0,0,5,0.00463821892393321,110,0.10204081632653061,74,0.0686456400742115
7,142,151,10,1038,133,0.128131021194605,0,0,5,0.004816955684007707,110,0.10597302504816955,67,0.06454720616570328
7,143,152,10,998,132,0.13226452905811623,0,0,4,0.004008016032064128,107,0.10721442885771543,63,0.06312625250501001
7,144,153,10,889,120,0.13498312710911137,0,0,3,0.003374578177727784,89,0.10011248593925759,59,0.06636670416197975
7,145,154,10,888,114,0.12837837837837837,0,0,2,0.0022522522522522522,90,0.10135135135135136,60,0.06756756756756757
7,146,155,10,973,129,0.13257965056526208,0,0,1,0.0010277492291880781,98,0.10071942446043165,67,0.06885919835560124
7,147,156,10,951,123,0.12933753943217666,0,0,1,0.0010515247108307045,94,0.09884332281808622,69,0.07255520504731862
7,148,157,10,1111,139,0.1251125112511251,0,0,3,0.0027002700270027003,115,0.1035103510351035,83,0.0747074707470747
7,149,158,10,1163,148,0.12725709372312985,0,0,3,0.0025795356835769563,131,0.11263972484952708,83,0.07136715391229578
7,150,159,10,1121,139,0.1239964317573595,0,0,3,0.0026761819803746653,125,0.11150758251561106,81,0.07225691347011597
7,151,160,10,1152,149,0.1293402777777778,0,0,4,0.003472222222222222,123,0.10677083333333333,87,0.07552083333333333
7,152,161,10,1199,157,0.13094245204336946,0,0,4,0.003336113427856547,127,0.10592160133444536,90,0.0750625521267723
7,153,162,10,1202,158,0.1314475873544093,0,0,4,0.0033277870216306157,129,0.10732113144758736,95,0.07903494176372712
7,154,163,10,1263,163,0.1290577988915281,0,0,4,0.003167062549485352,134,0.1060965954077593,98,0.07759303246239113
7,155,164,10,1282,166,0.1294851794071763,0,0,4,0.0031201248049922,136,0.1060842433697348,105,0.08190327613104524
7,156,165,10,1186,155,0.13069139966273188,0,0,4,0.003372681281618887,125,0.10539629005059022,97,0.081787521079258
7,157,166,10,1095,146,0.13333333333333333,0,0,3,0.0027397260273972603,118,0.10776255707762557,96,0.08767123287671233
7,158,167,10,953,125,0.1311647429171039,0,0,1,0.001049317943336831,98,0.10283315844700944,85,0.08919202518363065
7,159,168,10,889,114,0.12823397075365578,0,0,2,0.0022497187851518562,82,0.0922384701912261,84,0.09448818897637795
7,160,169,10,1032,133,0.12887596899224807,0,0,2,0.001937984496124031,103,0.0998062015503876,88,0.08527131782945736
7,161,170,10,878,113,0.12870159453302962,0,0,3,0.003416856492027335,93,0.10592255125284739,70,0.07972665148063782
7,162,171,10,863,110,0.12746234067207415,0,0,3,0.0034762456546929316,89,0.10312862108922363,70,0.08111239860950174
7,163,172,10,897,109,0.12151616499442586,0,0,3,0.0033444816053511705,85,0.0947603121516165,71,0.07915273132664437
7,164,173,10,842,103,0.12232779097387174,0,0,3,0.0035629453681710215,82,0.09738717339667459,68,0.08076009501187649
7,165,174,10,786,97,0.12340966921119594,0,0,4,0.005089058524173028,78,0.09923664122137404,57,0.07251908396946564
7,166,175,10,771,95,0.12321660181582361,0,0,4,0.005188067444876783,79,0.10246433203631647,56,0.07263294422827497
7,167,176,10,865,102,0.11791907514450867,0,0,8,0.009248554913294798,97,0.11213872832369942,59,0.06820809248554913
7,168,177,10,830,105,0.12650602409638553,0,0,8,0.00963855421686747,93,0.11204819277108434,56,0.06746987951807229
7,169,178,10,794,99,0.12468513853904283,0,0,7,0.008816120906801008,91,0.11460957178841309,51,0.06423173803526448
7,170,179,10,744,94,0.12634408602150538,0,0,8,0.010752688172043012,86,0.11559139784946236,52,0.06989247311827956
7,171,180,10,763,95,0.12450851900393185,0,0,6,0.007863695937090432,86,0.1127129750982962,53,0.06946264744429882
7,172,181,10,715,87,0.12167832167832168,0,0,6,0.008391608391608392,84,0.11748251748251748,50,0.06993006993006994
7,173,182,10,648,82,0.12654320987654322,0,0,6,0.009259259259259259,80,0.12345679012345678,43,0.06635802469135803
7,174,183,10,602,74,0.12292358803986711,0,0,6,0.009966777408637873,76,0.12624584717607973,40,0.0664451827242525
7,175,184,10,617,76,0.12317666126418152,0,0,6,0.009724473257698542,73,0.11831442463533225,44,0.0713128038897893
7,176,185,10,642,72,0.11214953271028037,0,0,6,0.009345794392523364,75,0.11682242990654206,48,0.07476635514018691
7,177,186,10,548,62,0.11313868613138686,0,0,2,0.0036496350364963502,60,0.10948905109489052,46,0.08394160583941605
7,178,187,10,660,77,0.11666666666666667,0,0,2,0.0030303030303030303,78,0.11818181818181818,50,0.07575757575757576
7,179,188,10,723,88,0.12171507607192254,0,0,2,0.0027662517289073307,87,0.12033195020746888,54,0.07468879668049792
7,180,189,10,725,92,0.12689655172413794,0,0,2,0.002758620689655172,85,0.11724137931034483,55,0.07586206896551724
7,181,190,10,710,94,0.1323943661971831,0,0,3,0.004225352112676056,85,0.11971830985915492,56,0.07887323943661972
7,182,191,10,707,95,0.13437057991513437,0,0,3,0.004243281471004243,85,0.12022630834512023,55,0.07779349363507779
7,183,192,10,700,93,0.13285714285714287,0,0,5,0.007142857142857143,85,0.12142857142857143,54,0.07714285714285714
7,184,193,10,738,97,0.13143631436314362,0,0,6,0.008130081300813009,87,0.11788617886178862,59,0.07994579945799458
7,185,194,10,761,100,0.1314060446780552,0,0,6,0.00788436268068331,91,0.11957950065703023,60,0.07884362680683311
7,186,195,10,775,101,0.13032258064516128,0,0,7,0.00903225806451613,90,0.11612903225806452,64,0.08258064516129032
7,187,196,10,774,103,0.1330749354005168,0,0,8,0.0103359173126615,93,0.12015503875968993,60,0.07751937984496124
7,188,197,10,662,82,0.12386706948640483,0,0,10,0.015105740181268883,74,0.11178247734138973,55,0.08308157099697885
7,189,198,10,609,72,0.11822660098522167,0,0,11,0.0180623973727422,63,0.10344827586206896,51,0.08374384236453201
7,190,199,10,514,57,0.11089494163424124,0,0,10,0.019455252918287938,51,0.09922178988326848,42,0.08171206225680934
7,191,200,10,503,49,0.09741550695825049,0,0,9,0.017892644135188866,48,0.09542743538767395,41,0.08151093439363817
7,192,201,10,525,55,0.10476190476190476,0,0,10,0.01904761904761905,47,0.08952380952380952,44,0.0838095238095238
7,193,202,10,523,55,0.10516252390057361,0,0,9,0.017208413001912046,46,0.08795411089866156,46,0.08795411089866156
7,194,203,10,557,61,0.10951526032315978,0,0,9,0.01615798922800718,49,0.08797127468581688,48,0.08617594254937164
7,195,204,10,533,59,0.11069418386491557,0,0,9,0.016885553470919325,47,0.08818011257035648,45,0.08442776735459662
7,196,205,10,499,60,0.12024048096192384,0,0,9,0.018036072144288578,49,0.09819639278557114,36,0.07214428857715431
7,197,206,10,508,57,0.11220472440944881,0,0,8,0.015748031496062992,43,0.08464566929133858,36,0.07086614173228346
10,1,10,10,777,122,0.15701415701415702,31,0.039897039897039896,0,0,96,0.12355212355212356,0,0
10,2,11,10,841,128,0.15219976218787157,34,0.04042806183115339,0,0,107,0.1272294887039239,0,0
10,3,12,10,846,131,0.15484633569739953,33,0.03900709219858156,0,0,107,0.12647754137115838,0,0
10,4,13,10,818,129,0.15770171149144255,29,0.035452322738386305,0,0,105,0.12836185819070906,0,0
10,5,14,10,731,114,0.15595075239398085,27,0.036935704514363885,0,0,96,0.13132694938440492,0,0
10,6,15,10,770,115,0.14935064935064934,28,0.03636363636363636,0,0,90,0.11688311688311688,0,0
10,7,16,10,775,110,0.14193548387096774,28,0.03612903225806452,0,0,89,0.11483870967741935,0,0
10,8,17,10,759,100,0.13175230566534915,28,0.03689064558629776,0,0,89,0.11725955204216074,0,0
10,9,18,10,854,113,0.1323185011709602,30,0.0351288056206089,0,0,104,0.12177985948477751,0,0
10,10,19,10,851,112,0.13160987074030553,28,0.03290246768507638,0,0,106,0.1245593419506463,0,0
10,11,20,10,853,108,0.12661195779601406,29,0.03399765533411489,0,0,108,0.12661195779601406,0,0
10,12,21,10,852,109,0.12793427230046947,32,0.03755868544600939,0,0,99,0.11619718309859155,0,0
10,13,22,10,915,113,0.12349726775956284,35,0.03825136612021858,0,0,104,0.11366120218579236,0,0
10,14,23,10,942,117,0.12420382165605096,35,0.037154989384288746,0,0,101,0.10721868365180467,0,0
10,15,24,10,1099,150,0.1364877161055505,40,0.036396724294813464,0,0,118,0.10737033666969972,0,0
10,16,25,10,1002,139,0.13872255489021956,38,0.03792415169660679,0,0,111,0.11077844311377245,0,0
10,17,26,10,1010,141,0.13960396039603962,38,0.03762376237623762,0,0,109,0.10792079207920792,0,0
10,18,27,10,1077,153,0.14206128133704735,38,0.035283194057567316,0,0,116,0.10770659238625813,0,0
10,19,28,10,1043,144,0.13806327900287632,39,0.037392138063279005,0,0,104,0.09971236816874401,0,0
10,20,29,10,1017,140,0.1376597836774828,38,0.03736479842674533,0,0,100,0.09832841691248771,0,0
10,21,30,10,1013,143,0.14116485686080948,37,0.03652517275419546,0,0,100,0.09871668311944719,0,0
10,22,31,10,1043,144,0.13806327900287632,37,0.03547459252157239,0,0,110,0.10546500479386385,0,0
10,23,32,10,925,132,0.14270270270270272,31,0.03351351351351351,0,0,104,0.11243243243243244,0,0
10,24,33,10,848,118,0.1391509433962264,29,0.03419811320754717,0,0,100,0.1179245283018868,0,0
10,25,34,10,714,86,0.12044817927170869,23,0.03221288515406162,0,0,87,0.12184873949579832,0,0
10,26,35,10,769,87,0.11313394018205461,22,0.02860858257477243,0,0,95,0.1235370611183355,0,0
10,27,36,10,756,87,0.11507936507936507,21,0.027777777777777776,0,0,94,0.12433862433862433,0,0
10,28,37,10,717,80,0.11157601115760112,23,0.03207810320781032,0,0,90,0.12552301255230125,0,0
10,29,38,10,693,78,0.11255411255411256,21,0.030303030303030304,0,0,90,0.12987012987012986,0,0
10,30,39,10,730,82,0.11232876712328767,22,0.030136986301369864,0,0,96,0.13150684931506848,0,0
10,31,40,10,711,75,0.10548523206751055,21,0.029535864978902954,0,0,89,0.12517580872011252,0,0
10,32,41,10,656,65,0.09908536585365854,16,0.024390243902439025,0,0,80,0.12195121951219512,0,0
10,33,42,10,654,61,0.09327217125382263,14,0.021406727828746176,0,0,76,0.1162079510703364,0,0
10,34,43,10,661,62,0.09379727685325265,15,0.0226928895612708,0,0,75,0.11346444780635401,0,0
10,35,44,10,638,65,0.10188087774294671,14,0.0219435736677116,0,0,74,0.11598746081504702,0,0
10,36,45,10,626,71,0.1134185303514377,17,0.027156549520766772,0,0,68,0.10862619808306709,0,0
10,37,46,10,627,67,0.10685805422647528,18,0.028708133971291867,0,0,66,0.10526315789473684,0,0
10,38,47,10,594,60,0.10101010101010101,16,0.026936026936026935,0,0,63,0.10606060606060606,0,0
10,39,48,10,557,55,0.09874326750448834,14,0.025134649910233394,0,0,60,0.10771992818671454,0,0
10,40,49,10,558,58,0.1039426523297491,15,0.026881720430107527,0,0,64,0.11469534050179211,0,0
10,41,50,10,565,65,0.11504424778761062,17,0.03008849557522124,0,0,64,0.11327433628318584,0,0
10,42,51,10,544,64,0.11764705882352941,15,0.027573529411764705,0,0,59,0.10845588235294118,0,0
10,43,52,10,548,66,0.12043795620437957,15,0.02737226277372263,0,0,62,0.11313868613138686,0,0
10,44,53,10,547,63,0.11517367458866545,14,0.025594149908592323,0,0,60,0.10968921389396709,0,0
10,45,54,10,592,68,0.11486486486486487,17,0.028716216216216218,0,0,64,0.10810810810810811,0,0
10,46,55,10,563,64,0.11367673179396093,15,0.02664298401420959,0,0,67,0.11900532859680284,0,0
10,47,56,10,522,59,0.11302681992337164,14,0.02681992337164751,0,0,62,0.11877394636015326,0,0
10,48,57,10,535,63,0.11775700934579439,15,0.028037383177570093,0,0,60,0.11214953271028037,0,0
10,49,58,10,549,63,0.11475409836065574,18,0.03278688524590164,0,0,64,0.11657559198542805,0,0
10,50,59,10,539,57,0.10575139146567718,20,0.03710575139146568,0,0,65,0.12059369202226346,0,0
10,51,60,10,563,58,0.10301953818827708,20,0.035523978685612786,0,0,76,0.1349911190053286,0,0
10,52,61,10,665,72,0.10827067669172932,26,0.039097744360902256,0,0,88,0.13233082706766916,0,0
10,53,62,10,649,71,0.10939907550077041,26,0.040061633281972264,0,0,87,0.13405238828967642,0,0
10,54,63,10,625,74,0.1184,25,0.04,0,0,86,0.1376,0,0
10,55,64,10,605,73,0.1206611570247934,24,0.03966942148760331,0,0,88,0.14545454545454545,0,0
10,56,65,10,590,69,0.11694915254237288,22,0.03728813559322034,0,0,85,0.1440677966101695,0,0
10,57,66,10,660,81,0.12272727272727273,24,0.03636363636363636,0,0,95,0.14393939393939395,0,0
10,58,67,10,659,80,0.12139605462822459,23,0.03490136570561457,0,0,101,0.15326251896813353,0,0
10,59,68,10,716,95,0.13268156424581007,21,0.029329608938547486,0,0,110,0.15363128491620112,0,0
10,60,69,10,677,92,0.1358936484490399,18,0.026587887740029542,0,0,103,0.15214180206794684,0,0
10,61,70,10,659,92,0.13960546282245828,17,0.025796661608497723,0,0,93,0.1411229135053111,0,0
10,62,71,10,653,90,0.13782542113323124,17,0.026033690658499236,0,0,94,0.1439509954058193,0,0
10,63,72,10,679,89,0.13107511045655376,20,0.029455081001472753,0,0,95,0.13991163475699558,0,0
10,64,73,10,746,98,0.13136729222520108,23,0.030831099195710455,0,0,100,0.13404825737265416,0,0
10,65,74,10,773,99,0.12807244501940493,22,0.028460543337645538,0,0,95,0.12289780077619664,0,0
10,66,75,10,798,103,0.12907268170426064,26,0.03258145363408521,0,0,89,0.11152882205513784,0,0
10,67,76,10,744,98,0.13172043010752688,24,0.03225806451612903,0,0,82,0.11021505376344086,0,0
10,68,77,10,731,98,0.13406292749658003,24,0.03283173734610123,0,0,79,0.10807113543091655,0,0
10,69,78,10,707,94,0.13295615275813297,25,0.03536067892503536,0,0,72,0.10183875530410184,0,0
10,70,79,10,698,93,0.1332378223495702,26,0.03724928366762178,0,0,67,0.09598853868194843,0,0
10,71,80,10,678,89,0.13126843657817108,25,0.03687315634218289,0,0,69,0.10176991150442478,0,0
10,72,81,10,608,84,0.13815789473684212,20,0.03289473684210526,0,0,67,0.11019736842105263,0,0
10,73,82,10,579,84,0.14507772020725387,19,0.03281519861830743,0,0,65,0.11226252158894647,0,0
10,74,83,10,577,76,0.1317157712305026,21,0.036395147313691506,0,0,68,0.11785095320623917,0,0
10,75,84,10,535,68,0.12710280373831775,20,0.037383177570093455,0,0,65,0.12149532710280374,0,0
10,76,85,10,514,68,0.13229571984435798,17,0.033073929961089495,0,0,74,0.14396887159533073,0,0
10,77,86,10,502,65,0.1294820717131474,18,0.035856573705179286,0,0,72,0.14342629482071714,0,0
10,78,87,10,537,67,0.12476722532588454,18,0.0335195530726257,0,0,71,0.13221601489757914,0,0
10,79,88,10,592,73,0.12331081081081081,21,0.03547297297297297,0,0,79,0.13344594594594594,0,0
10,80,89,10,617,78,0.12641815235008103,19,0.03079416531604538,0,0,82,0.13290113452188007,0,0
10,81,90,10,697,87,0.12482065997130559,24,0.03443328550932568,0,0,87,0.12482065997130559,0,0
10,82,91,10,659,79,0.11987860394537178,23,0.03490136570561457,0,0,77,0.11684370257966616,0,0
10,83,92,10,688,82,0.11918604651162791,22,0.03197674418604651,0,0,78,0.11337209302325581,0,0
10,84,93,10,712,92,0.12921348314606743,20,0.028089887640449437,0,0,77,0.10814606741573034,0,0
10,85,94,10,746,98,0.13136729222520108,23,0.030831099195710455,0,0,81,0.10857908847184987,0,0
10,86,95,10,742,96,0.1293800539083558,23,0.03099730458221024,0,0,75,0.10107816711590296,0,0
10,87,96,10,746,94,0.1260053619302949,22,0.029490616621983913,0,0,77,0.1032171581769437,0,0
10,88,97,10,695,90,0.12949640287769784,21,0.030215827338129497,0,0,75,0.1079136690647482,0,0
10,89,98,10,657,86,0.1308980213089802,17,0.0258751902587519,0,0,67,0.1019786910197869,0,0
10,90,99,10,667,84,0.12593703148425786,20,0.029985007496251874,0,0,66,0.09895052473763119,0,0
10,91,100,10,602,76,0.12624584717607973,15,0.024916943521594685,0,0,65,0.1079734219269103,0,0
10,92,101,10,635,88,0.13858267716535433,18,0.028346456692913385,0,0,68,0.10708661417322834,0,0
10,93,102,10,638,88,0.13793103448275862,20,0.03134796238244514,0,0,69,0.10815047021943573,0,0
10,94,103,10,574,79,0.13763066202090593,18,0.0313588850174216,0,0,66,0.11498257839721254,0,0
10,95,104,10,589,80,0.13582342954159593,16,0.027164685908319185,0,0,67,0.11375212224108659,0,0
10,96,105,10,583,76,0.13036020583190394,16,0.0274442538593482,0,0,66,0.11320754716981132,0,0
10,97,106,10,609,82,0.13464696223316913,16,0.026272577996715927,0,0,70,0.11494252873563218,0,0
10,98,107,10,664,87,0.13102409638554216,21,0.03162650602409638,0,0,75,0.11295180722891567,0,0
10,99,108,10,660,83,0.12575757575757576,21,0.031818181818181815,0,0,76,0.11515151515151516,0,0
10,100,109,10,645,83,0.12868217054263567,20,0.031007751937984496,0,0,75,0.11627906976744186,0,0
11,1,10,10,679,70,0.10309278350515463,26,0.03829160530191458,0,0,66,0.09720176730486009,0,0
11,2,11,10,690,74,0.1072463768115942,28,0.04057971014492753,0,0,70,0.10144927536231885,0,0
11,3,12,10,751,78,0.10386151797603196,29,0.03861517976031957,0,0,79,0.1051930758988016,0,0
11,4,13,10,728,78,0.10714285714285714,30,0.04120879120879121,0,0,76,0.1043956043956044,0,0
11,5,14,10,764,84,0.1099476439790576,28,0.03664921465968586,0,0,83,0.10863874345549739,0,0
11,6,15,10,739,86,0.11637347767253045,26,0.035182679296346414,0,0,81,0.10960757780784844,0,0
11,7,16,10,740,89,0.12027027027027028,25,0.033783783783783786,0,0,83,0.11216216216216217,0,0
11,8,17,10,762,88,0.11548556430446194,28,0.03674540682414698,0,0,78,0.10236220472440945,0,0
11,9,18,10,770,90,0.11688311688311688,30,0.03896103896103896,0,0,89,0.11558441558441558,0,0
11,10,19,10,773,90,0.11642949547218628,30,0.03880983182406209,0,0,91,0.11772315653298836,0,0
11,11,20,10,818,101,0.1234718826405868,29,0.035452322738386305,0,0,96,0.11735941320293398,0,0
11,12,21,10,811,99,0.1220715166461159,27,0.03329223181257707,0,0,92,0.11344019728729964,0,0
11,13,22,10,741,94,0.12685560053981107,27,0.03643724696356275,0,0,81,0.10931174089068826,0,0
11,14,23,10,733,96,0.13096862210095497,24,0.03274215552523874,0,0,84,0.1145975443383356,0,0
11,15,24,10,731,97,0.1326949384404925,27,0.036935704514363885,0,0,81,0.11080711354309165,0,0
11,16,25,10,704,89,0.12642045454545456,28,0.03977272727272727,0,0,80,0.11363636363636363,0,0
11,17,26,10,679,83,0.12223858615611193,26,0.03829160530191458,0,0,77,0.1134020618556701,0,0
11,18,27,10,642,90,0.14018691588785046,26,0.040498442367601244,0,0,80,0.12461059190031153,0,0
11,19,28,10,621,84,0.13526570048309178,26,0.04186795491143317,0,0,67,0.10789049919484701,0,0
11,20,29,10,666,92,0.13813813813813813,28,0.042042042042042045,0,0,74,0.1111111111111111,0,0
11,21,30,10,603,79,0.1310116086235489,29,0.04809286898839138,0,0,67,0.1111111111111111,0,0
11,22,31,10,687,88,0.12809315866084425,29,0.042212518195050945,0,0,88,0.12809315866084425,0,0
11,23,32,10,719,97,0.1349095966620306,27,0.037552155771905425,0,0,89,0.12378303198887343,0,0
11,24,33,10,689,91,0.1320754716981132,26,0.03773584905660377,0,0,84,0.12191582002902758,0,0
11,25,34,10,693,86,0.1240981240981241,27,0.03896103896103896,0,0,80,0.11544011544011544,0,0
11,26,35,10,711,90,0.12658227848101267,30,0.04219409282700422,0,0,79,0.1111111111111111,0,0
11,27,36,10,728,89,0.12225274725274725,30,0.04120879120879121,0,0,78,0.10714285714285714,0,0
11,28,37,10,671,76,0.11326378539493294,24,0.03576751117734724,0,0,69,0.10283159463487332,0,0
11,29,38,10,664,78,0.11746987951807229,25,0.03765060240963856,0,0,70,0.10542168674698796,0,0
11,30,39,10,611,66,0.10801963993453355,21,0.03436988543371522,0,0,61,0.09983633387888707,0,0
11,31,40,10,667,76,0.11394302848575712,21,0.031484257871064465,0,0,70,0.10494752623688156,0,0
11,32,41,10,591,71,0.12013536379018612,25,0.04230118443316413,0,0,50,0.08460236886632826,0,0
11,33,42,10,605,70,0.11570247933884298,27,0.04462809917355372,0,0,51,0.08429752066115702,0,0
11,34,43,10,655,79,0.12061068702290076,30,0.04580152671755725,0,0,61,0.09312977099236641,0,0
11,35,44,10,673,89,0.13224368499257058,28,0.041604754829123326,0,0,68,0.10104011887072809,0,0
11,36,45,10,676,89,0.13165680473372782,25,0.03698224852071006,0,0,69,0.10207100591715976,0,0
11,37,46,10,697,91,0.13055954088952654,26,0.03730272596843615,0,0,76,0.10903873744619799,0,0
11,38,47,10,705,88,0.12482269503546099,29,0.04113475177304964,0,0,79,0.11205673758865248,0,0
11,39,48,10,704,87,0.12357954545454546,25,0.03551136363636364,0,0,78,0.11079545454545454,0,0
11,40,49,10,740,95,0.12837837837837837,26,0.03513513513513514,0,0,84,0.11351351351351352,0,0
11,41,50,10,710,92,0.1295774647887324,25,0.035211267605633804,0,0,79,0.11126760563380282,0,0
11,42,51,10,715,89,0.12447552447552447,22,0.03076923076923077,0,0,83,0.11608391608391608,0,0
11,43,52,10,724,88,0.12154696132596685,25,0.034530386740331494,0,0,85,0.11740331491712708,0,0
11,44,53,10,697,83,0.11908177905308465,23,0.03299856527977044,0,0,76,0.10903873744619799,0,0
11,45,54,10,678,79,0.11651917404129794,24,0.035398230088495575,0,0,70,0.10324483775811209,0,0
11,46,55,10,651,75,0.1152073732718894,23,0.03533026113671275,0,0,67,0.10291858678955453,0,0
11,47,56,10,639,75,0.11737089201877934,26,0.0406885758998435,0,0,61,0.09546165884194054,0,0
11,48,57,10,658,75,0.11398176291793313,27,0.041033434650455926,0,0,61,0.09270516717325228,0,0
11,49,58,10,646,78,0.12074303405572756,28,0.043343653250773995,0,0,59,0.0913312693498452,0,0
11,50,59,10,619,75,0.12116316639741519,31,0.050080775444264945,0,0,53,0.08562197092084006,0,0
11,51,60,10,624,77,0.1233974358974359,31,0.049679487179487176,0,0,52,0.08333333333333333,0,0
11,52,61,10,684,85,0.12426900584795321,34,0.049707602339181284,0,0,53,0.07748538011695906,0,0
11,53,62,10,686,90,0.13119533527696792,30,0.043731778425655975,0,0,51,0.07434402332361516,0,0
11,54,63,10,711,86,0.1209563994374121,35,0.04922644163150492,0,0,51,0.07172995780590717,0,0
11,55,64,10,715,85,0.11888111888111888,35,0.04895104895104895,0,0,52,0.07272727272727272,0,0
11,56,65,10,734,89,0.12125340599455041,37,0.05040871934604905,0,0,54,0.07356948228882834,0,0
11,57,66,10,741,93,0.12550607287449392,36,0.048582995951417005,0,0,53,0.07152496626180836,0,0
11,58,67,10,699,94,0.13447782546494993,32,0.045779685264663805,0,0,48,0.06866952789699571,0,0
11,59,68,10,684,90,0.13157894736842105,32,0.04678362573099415,0,0,49,0.07163742690058479,0,0
11,60,69,10,698,95,0.1361031518624642,31,0.044412607449856735,0,0,55,0.07879656160458452,0,0
11,61,70,10,697,90,0.1291248206599713,32,0.04591104734576758,0,0,58,0.08321377331420372,0,0
11,62,71,10,631,83,0.13153724247226625,29,0.04595879556259905,0,0,49,0.07765451664025357,0,0
11,63,72,10,596,74,0.12416107382550336,27,0.04530201342281879,0,0,49,0.08221476510067115,0,0
11,64,73,10,572,75,0.13111888111888112,24,0.04195804195804196,0,0,53,0.09265734265734266,0,0
11,65,74,10,550,74,0.13454545454545455,24,0.04363636363636364,0,0,51,0.09272727272727273,0,0
11,66,75,10,524,70,0.13358778625954199,22,0.04198473282442748,0,0,50,0.09541984732824428,0,0
11,67,76,10,506,64,0.12648221343873517,25,0.04940711462450593,0,0,45,0.08893280632411067,0,0
11,68,77,10,513,66,0.1286549707602339,26,0.050682261208576995,0,0,46,0.08966861598440545,0,0
11,69,78,10,579,73,0.12607944732297063,28,0.04835924006908463,0,0,54,0.09326424870466321,0,0
11,70,79,10,557,67,0.12028725314183124,26,0.0466786355475763,0,0,51,0.09156193895870736,0,0
11,71,80,10,518,61,0.11776061776061776,24,0.04633204633204633,0,0,46,0.0888030888030888,0,0
11,72,81,10,592,68,0.11486486486486487,26,0.04391891891891892,0,0,62,0.10472972972972973,0,0
11,73,82,10,600,73,0.12166666666666667,29,0.04833333333333333,0,0,63,0.105,0,0
11,74,83,10,570,70,0.12280701754385964,27,0.04736842105263158,0,0,57,0.1,0,0
11,75,84,10,635,80,0.12598425196850394,27,0.04251968503937008,0,0,63,0.09921259842519685,0,0
11,76,85,10,688,93,0.13517441860465115,27,0.03924418604651163,0,0,69,0.1002906976744186,0,0
11,77,86,10,675,91,0.1348148148148148,22,0.03259259259259259,0,0,73,0.10814814814814815,0,0
11,78,87,10,710,96,0.1352112676056338,23,0.0323943661971831,0,0,77,0.10845070422535211,0,0
11,79,88,10,739,99,0.13396481732070364,25,0.03382949932341001,0,0,78,0.10554803788903924,0,0
11,80,89,10,775,100,0.12903225806451613,25,0.03225806451612903,0,0,76,0.09806451612903226,0,0
11,81,90,10,783,102,0.13026819923371646,28,0.035759897828863345,0,0,73,0.09323116219667944,0,0
11,82,91,10,742,102,0.13746630727762804,27,0.03638814016172507,0,0,64,0.0862533692722372,0,0
11,83,92,10,751,98,0.13049267643142476,28,0.037283621837549935,0,0,63,0.08388814913448735,0,0
11,84,93,10,803,104,0.1295143212951432,29,0.0361145703611457,0,0,65,0.08094645080946451,0,0
11,85,94,10,776,101,0.13015463917525774,29,0.037371134020618556,0,0,59,0.07603092783505154,0,0
11,86,95,10,739,91,0.12313937753721245,28,0.037889039242219216,0,0,54,0.07307171853856563,0,0
11,87,96,10,727,92,0.1265474552957359,28,0.03851444291609354,0,0,53,0.07290233837689133,0,0
11,88,97,10,689,82,0.11901306240928883,31,0.04499274310595065,0,0,47,0.06821480406386067,0,0
11,89,98,10,595,72,0.12100840336134454,29,0.04873949579831933,0,0,38,0.06386554621848739,0,0
11,90,99,10,559,70,0.1252236135957066,30,0.05366726296958855,0,0,38,0.06797853309481217,0,0
11,91,100,10,558,71,0.12724014336917563,27,0.04838709677419355,0,0,40,0.07168458781362007,0,0
11,92,101,10,573,67,0.1169284467713787,26,0.04537521815008726,0,0,41,0.07155322862129145,0,0
11,93,102,10,552,63,0.11413043478260869,24,0.043478260869565216,0,0,40,0.07246376811594203,0,0
11,94,103,10,526,59,0.11216730038022814,23,0.043726235741444866,0,0,44,0.08365019011406843,0,0
11,95,104,10,460,47,0.10217391304347827,21,0.04565217391304348,0,0,42,0.09130434782608696,0,0
11,96,105,10,459,44,0.09586056644880174,21,0.0457516339869281,0,0,42,0.0915032679738562,0,0
11,97,106,10,465,46,0.0989247311827957,22,0.047311827956989246,0,0,42,0.09032258064516129,0,0
11,98,107,10,478,56,0.11715481171548117,20,0.04184100418410042,0,0,46,0.09623430962343096,0,0
11,99,108,10,507,66,0.1301775147928994,19,0.03747534516765286,0,0,48,0.09467455621301775,0,0
11,100,109,10,543,69,0.1270718232044199,19,0.034990791896869246,0,0,49,0.09023941068139964,0,0
11,101,110,10,580,70,0.1206896551724138,20,0.034482758620689655,0,0,54,0.09310344827586207,0,0
11,102,111,10,528,64,0.12121212121212122,19,0.03598484848484849,0,0,51,0.09659090909090909,0,0
11,103,112,10,530,67,0.12641509433962264,19,0.035849056603773584,0,0,49,0.09245283018867924,0,0
11,104,113,10,538,72,0.13382899628252787,21,0.03903345724907063,0,0,51,0.09479553903345725,0,0
11,105,114,10,588,81,0.1377551020408163,24,0.04081632653061224,0,0,60,0.10204081632653061,0,0
11,106,115,10,580,83,0.14310344827586208,26,0.04482758620689655,0,0,61,0.10517241379310345,0,0
11,107,116,10,654,93,0.14220183486238533,28,0.04281345565749235,0,0,70,0.10703363914373089,0,0
11,108,117,10,631,84,0.13312202852614896,26,0.04120443740095087,0,0,70,0.1109350237717908,0,0
11,109,118,10,598,74,0.12374581939799331,24,0.04013377926421405,0,0,71,0.11872909698996656,0,0
11,110,119,10,582,70,0.12027491408934708,25,0.0429553264604811,0,0,75,0.12886597938144329,0,0
11,111,120,10,578,72,0.1245674740484429,25,0.04325259515570934,0,0,74,0.12802768166089964,0,0
11,112,121,10,575,74,0.12869565217391304,23,0.04,0,0,76,0.13217391304347825,0,0
11,113,122,10,546,71,0.13003663003663005,23,0.04212454212454213,0,0,74,0.13553113553113552,0,0
11,114,123,10,554,70,0.1263537906137184,24,0.04332129963898917,0,0,75,0.13537906137184116,0,0
