surah,window_start,window_end,window_size,total_letters_in_window,count_ا,count_ر,count_ص,count_ل,count_م
2,1,10,10,415,44,0,0,47,48
2,2,11,10,455,50,0,0,52,50
2,3,12,10,455,50,0,0,51,52
2,4,13,10,486,58,0,0,57,57
2,5,14,10,507,68,0,0,57,59
2,6,15,10,507,69,0,0,54,60
2,7,16,10,517,76,0,0,56,58
2,8,17,10,534,82,0,0,58,59
2,9,18,10,506,76,0,0,53,55
2,10,19,10,544,80,0,0,57,59
2,11,20,10,597,86,0,0,65,62
2,12,21,10,607,87,0,0,66,64
2,13,22,10,678,101,0,0,76,71
2,14,23,10,678,96,0,0,71,69
2,15,24,10,672,95,0,0,75,63
2,16,25,10,788,119,0,0,85,71
2,17,26,10,890,133,0,0,95,79
2,18,27,10,901,131,0,0,95,76
2,19,28,10,943,134,0,0,97,81
2,20,29,10,927,133,0,0,97,80
2,21,30,10,935,133,0,0,99,77
2,22,31,10,952,134,0,0,100,80
2,23,32,10,901,127,0,0,95,75
2,24,33,10,925,130,0,0,100,84
2,25,34,10,921,127,0,0,98,86
2,26,35,10,851,115,0,0,93,78
2,27,36,10,780,103,0,0,84,74
2,28,37,10,741,100,0,0,80,73
2,29,38,10,749,105,0,0,81,72
2,30,39,10,730,105,0,0,77,66
2,31,40,10,686,100,0,0,65,63
2,32,41,10,696,105,0,0,64,62
2,33,42,10,689,102,0,0,62,60
2,34,43,10,628,100,0,0,56,45
2,35,44,10,621,96,0,0,54,45
2,36,45,10,589,91,0,0,54,40
2,37,46,10,539,81,0,0,50,36
2,38,47,10,553,83,0,0,52,37
2,39,48,10,553,85,0,0,54,33
2,40,49,10,586,81,0,0,54,42
2,41,50,10,567,77,0,0,53,41
2,42,51,10,540,68,0,0,51,40
2,43,52,10,528,62,0,0,47,41
2,44,53,10,524,57,0,0,47,41
2,45,54,10,590,65,0,0,53,53
2,46,55,10,602,60,0,0,52,58
2,47,56,10,594,58,0,0,51,60
2,48,57,10,628,65,0,0,57,67
2,49,58,10,655,70,0,0,60,68
2,50,59,10,647,77,0,0,68,64
2,51,60,10,718,90,0,0,76,69
2,52,61,10,927,121,0,0,98,79
2,53,62,10,1005,136,0,0,109,85
2,54,63,10,1038,141,0,0,108,90
2,55,64,10,971,131,0,0,106,82
2,56,65,10,965,134,0,0,106,82
2,57,66,10,980,141,0,0,110,80
2,58,67,10,973,138,0,0,107,73
2,59,68,10,959,137,0,0,107,71
2,60,69,10,954,138,0,0,103,66
2,61,70,10,895,133,0,0,101,60
2,62,71,10,732,113,0,0,88,47
2,63,72,10,670,103,0,0,77,43
2,64,73,10,658,99,0,0,82,39
2,65,74,10,748,113,0,0,87,48
2,66,75,10,771,111,0,0,87,55
2,67,76,10,828,118,0,0,93,59
2,68,77,10,779,111,0,0,89,58
2,69,78,10,742,102,0,0,85,61
2,70,79,10,773,97,0,0,91,71
2,71,80,10,804,99,0,0,100,76
2,72,81,10,760,89,0,0,90,75
2,73,82,10,767,93,0,0,94,72
2,74,83,10,859,113,0,0,106,79
2,75,84,10,785,101,0,0,93,73
2,76,85,10,943,123,0,0,106,86
2,77,86,10,905,120,0,0,102,80
2,78,87,10,1009,134,0,0,106,86
2,79,88,10,1011,134,0,0,110,84
2,80,89,10,1017,142,0,0,109,84
2,81,90,10,1033,142,0,0,103,84
2,82,91,10,1098,151,0,0,115,97
2,83,92,10,1096,147,0,0,113,101
2,84,93,10,1079,138,0,0,99,108
2,85,94,10,1075,143,0,0,106,103
2,86,95,10,885,121,0,0,93,84
2,87,96,10,925,119,0,0,95,92
2,88,97,10,857,106,0,0,96,87
2,89,98,10,865,106,0,0,97,86
2,90,99,10,801,97,0,0,89,76
2,91,100,10,737,88,0,0,81,74
2,92,101,10,706,85,0,0,76,70
2,93,102,10,971,122,0,0,106,95
2,94,103,10,888,111,0,0,106,83
2,95,104,10,887,115,0,0,104,81
2,96,105,10,942,122,0,0,112,85
2,97,106,10,900,117,0,0,109,81
2,98,107,10,888,120,0,0,111,84
2,99,108,10,907,121,0,0,111,88
2,100,109,10,987,127,0,0,117,98
2,101,110,10,1020,133,0,0,123,100
2,102,111,10,1005,133,0,0,119,94
2,103,112,10,747,92,0,0,92,67
2,104,113,10,840,105,0,0,109,71
2,105,114,10,889,105,0,0,113,80
2,106,115,10,843,100,0,0,109,75
2,107,116,10,840,107,0,0,112,71
2,108,117,10,828,106,0,0,103,66
2,109,118,10,860,112,0,0,111,67
2,110,119,10,782,106,0,0,105,57
2,111,120,10,819,109,0,0,114,58
2,112,121,10,816,104,0,0,114,57
2,113,122,10,816,109,0,0,113,57
2,114,123,10,740,101,0,0,96,51
2,115,124,10,711,100,0,0,97,46
2,116,125,10,773,111,0,0,99,50
2,117,126,10,838,117,0,0,104,61
2,118,127,10,856,119,0,0,107,64
2,119,128,10,827,117,0,0,97,64
2,120,129,10,862,118,0,0,100,72
2,121,130,10,823,113,0,0,90,69
2,122,131,10,786,110,0,0,91,68
2,123,132,10,798,111,0,0,91,69
2,124,133,10,845,113,0,0,95,75
2,125,134,10,815,106,0,0,90,75
2,126,135,10,764,99,0,0,83,71
2,127,136,10,775,96,0,0,81,72
2,128,137,10,791,97,0,0,81,76
2,129,138,10,753,89,0,0,78,70
2,130,139,10,734,88,0,0,79,67
2,131,140,10,788,95,0,0,85,77
2,132,141,10,810,98,0,0,84,81
2,133,142,10,831,104,0,0,90,84
2,134,143,10,917,117,0,0,113,87
2,135,144,10,1012,128,0,0,124,92
2,136,145,10,1081,135,0,0,132,99
2,137,146,10,1020,128,0,0,124,93
2,138,147,10,966,121,0,0,120,87
2,139,148,10,1005,128,0,0,125,89
2,140,149,10,1010,127,0,0,125,90
2,141,150,10,1019,123,0,0,128,90
2,142,151,10,1050,126,0,0,131,97
2,143,152,10,991,116,0,0,120,89
2,144,153,10,845,102,0,0,94,79
2,145,154,10,745,90,0,0,86,69
2,146,155,10,678,81,0,0,82,62
2,147,156,10,649,81,0,0,82,56
2,148,157,10,664,80,0,0,84,58
2,149,158,10,677,83,0,0,84,61
2,150,159,10,701,90,0,0,89,61
2,151,160,10,620,88,0,0,79,48
2,152,161,10,597,88,0,0,78,39
2,153,162,10,603,90,0,0,80,40
2,154,163,10,585,83,0,0,80,41
2,155,164,10,721,111,0,0,97,51
2,156,165,10,779,120,0,0,106,53
2,157,166,10,791,123,0,0,105,53
2,158,167,10,846,136,0,0,110,58
2,159,168,10,824,138,0,0,108,55
2,160,169,10,782,132,0,0,102,53
2,161,170,10,814,138,0,0,108,55
2,162,171,10,817,137,0,0,107,58
2,163,172,10,841,142,0,0,107,61
2,164,173,10,900,149,0,0,114,68
2,165,174,10,836,132,0,0,106,69
2,166,175,10,773,126,0,0,98,65
2,167,176,10,775,125,0,0,104,63
2,168,177,10,946,155,0,0,133,67
2,169,178,10,1044,160,0,0,143,73
2,170,179,10,1033,158,0,0,142,70
2,171,180,10,1021,151,0,0,139,71
2,172,181,10,1009,146,0,0,138,70
2,173,182,10,1003,140,0,0,139,72
2,174,183,10,969,136,0,0,133,69
2,175,184,10,974,129,0,0,120,71
2,176,185,10,1100,139,0,0,134,84
2,177,186,10,1120,137,0,0,131,86
2,178,187,10,1145,131,0,0,136,93
2,179,188,10,1065,126,0,0,132,92
2,180,189,10,1150,137,0,0,143,95
2,181,190,10,1132,138,0,0,144,92
2,182,191,10,1211,148,0,0,150,98
2,183,192,10,1179,146,0,0,147,92
2,184,193,10,1184,148,0,0,149,87
2,185,194,10,1165,159,0,0,158,83
2,186,195,10,1045,145,0,0,145,69
2,187,196,10,1264,173,0,0,169,99
2,188,197,10,1095,153,0,0,142,83
2,189,198,10,1120,154,0,0,139,86
2,190,199,10,1046,145,0,0,126,84
2,191,200,10,1084,151,0,0,123,91
2,192,201,10,1007,146,0,0,114,81
2,193,202,10,1019,148,0,0,117,83
2,194,203,10,1059,151,0,0,119,91
2,195,204,10,1015,140,0,0,114,84
2,196,205,10,1007,141,0,0,114,82
2,197,206,10,763,112,0,0,91,53
2,198,207,10,688,102,0,0,80,50
2,199,208,10,644,99,0,0,76,42
2,200,209,10,643,98,0,0,77,45
2,201,210,10,618,91,0,0,83,43
2,202,211,10,636,90,0,0,87,47
2,203,212,10,695,100,0,0,91,50
2,204,213,10,806,120,0,0,102,58
2,205,214,10,870,126,0,0,112,66
2,206,215,10,916,131,0,0,115,75
2,207,216,10,958,132,0,0,118,79
2,208,217,10,1162,152,0,0,139,91
2,209,218,10,1167,149,0,0,142,90
2,210,219,10,1244,155,0,0,152,96
2,211,220,10,1295,160,0,0,158,99
2,212,221,10,1408,167,0,0,170,109
2,213,222,10,1439,165,0,0,174,109
2,214,223,10,1306,142,0,0,158,102
2,215,224,10,1244,136,0,0,148,94
2,216,225,10,1204,130,0,0,144,92
2,217,226,10,1163,126,0,0,138,88
2,218,227,10,938,101,0,0,116,76
2,219,228,10,1047,109,0,0,133,82
2,220,229,10,1119,125,0,0,140,85
2,221,230,10,1111,125,0,0,134,80
2,222,231,10,1131,135,0,0,140,79
2,223,232,10,1155,137,0,0,146,86
2,224,233,10,1367,171,0,0,179,96
2,225,234,10,1424,172,0,0,179,99
2,226,235,10,1562,191,0,0,193,108
2,227,236,10,1620,200,0,0,201,116
2,228,237,10,1734,207,0,0,210,122
2,229,238,10,1596,198,0,0,191,114
2,230,239,10,1464,180,0,0,174,108
2,231,240,10,1466,178,0,0,170,112
2,232,241,10,1293,158,0,0,150,100
2,233,242,10,1174,145,0,0,138,89
2,234,243,10,985,115,0,0,116,77
2,235,244,10,899,110,0,0,114,73
2,236,245,10,765,92,0,0,97,58
2,237,246,10,873,115,0,0,125,64
2,238,247,10,899,126,0,0,141,71
2,239,248,10,970,124,0,0,145,85
2,240,249,10,1148,142,0,0,173,99
2,241,250,10,1107,145,0,0,171,93
2,242,251,10,1195,157,0,0,189,98
2,243,252,10,1206,160,0,0,191,98
2,244,253,10,1312,174,0,0,199,112
2,245,254,10,1362,183,0,0,200,117
2,246,255,10,1489,204,0,0,218,133
2,247,256,10,1373,184,0,0,191,123
2,248,257,10,1325,181,0,0,179,116
2,249,258,10,1381,198,0,0,190,115
2,250,259,10,1393,200,0,0,189,111
2,251,260,10,1468,198,0,0,200,119
2,252,261,10,1444,191,0,0,192,117
2,253,262,10,1495,196,0,0,194,125
2,254,263,10,1327,170,0,0,172,106
2,255,264,10,1416,186,0,0,188,109
2,256,265,10,1343,171,0,0,177,102
2,257,266,10,1387,173,0,0,178,102
2,258,267,10,1393,172,0,0,170,108
2,259,268,10,1292,157,0,0,156,101
2,260,269,10,1103,135,0,0,129,87
2,261,270,10,1009,127,0,0,116,85
2,262,271,10,1002,128,0,0,106,85
2,263,272,10,1024,131,0,0,107,86
2,264,273,10,1114,149,0,0,121,90
2,265,274,10,1016,127,0,0,107,86
2,266,275,10,1083,142,0,0,119,92
2,267,276,10,980,132,0,0,112,87
2,268,277,10,940,129,0,0,113,80
2,269,278,10,924,131,0,0,108,79
2,270,279,10,930,128,0,0,113,82
2,271,280,10,926,125,0,0,110,77
2,272,281,10,889,120,0,0,110,75
2,273,282,10,1341,180,0,0,164,95
2,274,283,10,1348,176,0,0,160,101
2,275,284,10,1375,180,0,0,160,102
2,276,285,10,1305,163,0,0,149,96
2,277,286,10,1461,198,0,0,165,105
3,1,10,10,615,94,0,0,87,37
3,2,11,10,682,101,0,0,94,40
3,3,12,10,702,99,0,0,93,41
3,4,13,10,768,102,0,0,99,44
3,5,14,10,819,114,0,0,108,49
3,6,15,10,891,122,0,0,112,55
3,7,16,10,890,125,0,0,109,53
3,8,17,10,743,105,0,0,92,40
3,9,18,10,761,111,0,0,103,42
3,10,19,10,822,122,0,0,111,47
3,11,20,10,881,129,0,0,120,48
3,12,21,10,899,130,0,0,122,48
3,13,22,10,905,134,0,0,122,51
3,14,23,10,867,130,0,0,116,55
3,15,24,10,806,119,0,0,101,54
3,16,25,10,750,110,0,0,95,53
3,17,26,10,794,109,0,0,105,62
3,18,27,10,828,111,0,0,113,65
3,19,28,10,871,111,0,0,114,72
3,20,29,10,843,101,0,0,109,71
3,21,30,10,815,95,0,0,100,74
3,22,31,10,790,90,0,0,98,75
3,23,32,10,788,91,0,0,102,70
3,24,33,10,755,91,0,0,100,65
3,25,34,10,717,81,0,0,98,61
3,26,35,10,731,83,0,0,99,62
3,27,36,10,747,87,0,0,95,60
3,28,37,10,801,98,0,0,95,61
3,29,38,10,739,91,0,0,83,52
3,30,39,10,750,95,0,0,83,52
3,31,40,10,716,94,0,0,84,45
3,32,41,10,735,105,0,0,87,43
3,33,42,10,747,109,0,0,85,47
3,34,43,10,736,108,0,0,80,46
3,35,44,10,790,111,0,0,85,54
3,36,45,10,814,117,0,0,89,58
3,37,46,10,737,109,0,0,85,53
3,38,47,10,676,94,0,0,82,52
3,39,48,10,657,94,0,0,83,52
3,40,49,10,756,92,0,0,90,60
3,41,50,10,773,91,0,0,89,66
3,42,51,10,726,80,0,0,80,66
3,43,52,10,753,82,0,0,85,69
3,44,53,10,762,86,0,0,87,69
3,45,54,10,711,86,0,0,84,61
3,46,55,10,753,87,0,0,86,62
3,47,56,10,780,92,0,0,84,64
3,48,57,10,759,95,0,0,82,65
3,49,58,10,756,93,0,0,82,65
3,50,59,10,613,84,0,0,71,55
3,51,60,10,557,79,0,0,65,50
3,52,61,10,636,91,0,0,74,56
3,53,62,10,605,86,0,0,73,52
3,54,63,10,587,79,0,0,74,51
3,55,64,10,686,97,0,0,86,53
3,56,65,10,624,94,0,0,84,45
3,57,66,10,640,91,0,0,92,52
3,58,67,10,641,93,0,0,87,53
3,59,68,10,676,99,0,0,91,55
3,60,69,10,682,102,0,0,90,55
3,61,70,10,696,104,0,0,92,53
3,62,71,10,634,95,0,0,90,48
3,63,72,10,657,98,0,0,88,49
3,64,73,10,746,107,0,0,99,57
3,65,74,10,651,88,0,0,87,55
3,66,75,10,725,92,0,0,96,65
3,67,76,10,685,87,0,0,88,55
3,68,77,10,740,89,0,0,104,60
3,69,78,10,793,92,0,0,112,67
3,70,79,10,859,104,0,0,121,71
3,71,80,10,888,107,0,0,122,77
3,72,81,10,985,117,0,0,127,91
3,73,82,10,935,107,0,0,121,89
3,74,83,10,880,102,0,0,112,82
3,75,84,10,971,111,0,0,120,92
3,76,85,10,878,102,0,0,107,82
3,77,86,10,926,113,0,0,114,86
3,78,87,10,857,104,0,0,102,78
3,79,88,10,774,97,0,0,88,69
3,80,89,10,697,85,0,0,79,62
3,81,90,10,691,86,0,0,79,59
3,82,91,10,634,80,0,0,75,51
3,83,92,10,662,86,0,0,77,54
3,84,93,10,700,95,0,0,84,56
3,85,94,10,618,87,0,0,79,47
3,86,95,10,614,89,0,0,78,48
3,87,96,10,572,79,0,0,75,44
3,88,97,10,627,88,0,0,79,48
3,89,98,10,640,89,0,0,85,49
3,90,99,10,675,94,0,0,90,54
3,91,100,10,682,97,0,0,87,54
3,92,101,10,665,90,0,0,85,51
3,93,102,10,662,92,0,0,85,51
3,94,103,10,721,94,0,0,88,60
3,95,104,10,748,93,0,0,88,64
3,96,105,10,766,96,0,0,89,64
3,97,106,10,806,100,0,0,83,70
3,98,107,10,747,91,0,0,75,66
3,99,108,10,747,92,0,0,77,66
3,100,109,10,714,89,0,0,74,63
3,101,110,10,760,88,0,0,84,71
3,102,111,10,734,89,0,0,82,68
3,103,112,10,834,100,0,0,95,72
3,104,113,10,735,91,0,0,87,62
3,105,114,10,748,97,0,0,89,60
3,106,115,10,723,90,0,0,89,59
3,107,116,10,720,94,0,0,97,57
3,108,117,10,776,98,0,0,104,64
3,109,118,10,853,109,0,0,101,73
3,110,119,10,937,120,0,0,109,81
3,111,120,10,912,117,0,0,100,77
3,112,121,10,913,116,0,0,102,79
3,113,122,10,817,102,0,0,93,76
3,114,123,10,805,97,0,0,92,75
3,115,124,10,781,91,0,0,91,78
3,116,125,10,810,93,0,0,89,85
3,117,126,10,800,90,0,0,92,86
3,118,127,10,744,85,0,0,84,77
3,119,128,10,662,68,0,0,80,71
3,120,129,10,596,58,0,0,71,65
3,121,130,10,569,64,0,0,76,59
3,122,131,10,546,66,0,0,72,53
3,123,132,10,517,62,0,0,68,49
3,124,133,10,524,65,0,0,65,51
3,125,134,10,536,75,0,0,66,44
3,126,135,10,570,84,0,0,76,41
3,127,136,10,572,84,0,0,68,41
3,128,137,10,583,86,0,0,69,42
3,129,138,10,567,87,0,0,68,38
3,130,139,10,545,83,0,0,65,36
3,131,140,10,589,84,0,0,72,44
3,132,141,10,595,83,0,0,73,47
3,133,142,10,626,89,0,0,76,52
3,134,143,10,622,83,0,0,75,53
3,135,144,10,660,80,0,0,82,59
3,136,145,10,657,81,0,0,76,58
3,137,146,10,675,87,0,0,79,58
3,138,147,10,708,99,0,0,82,60
3,139,148,10,730,105,0,0,85,60
3,140,149,10,753,110,0,0,85,59
3,141,150,10,673,99,0,0,74,50
3,142,151,10,726,108,0,0,81,54
3,143,152,10,837,112,0,0,87,70
3,144,153,10,893,125,0,0,95,75
3,145,154,10,1082,144,0,0,120,97
3,146,155,10,1072,142,0,0,124,99
3,147,156,10,1142,155,0,0,135,101
3,148,157,10,1108,139,0,0,136,105
3,149,158,10,1085,131,0,0,135,106
3,150,159,10,1146,135,0,0,151,114
3,151,160,10,1196,138,0,0,159,120
3,152,161,10,1180,131,0,0,156,122
3,153,162,10,1063,125,0,0,146,105
3,154,163,10,989,115,0,0,139,97
3,155,164,10,797,95,0,0,112,80
3,156,165,10,781,86,0,0,108,79
3,157,166,10,669,65,0,0,96,77
3,158,167,10,772,83,0,0,113,83
3,159,168,10,819,95,0,0,114,85
3,160,169,10,749,88,0,0,101,76
3,161,170,10,750,88,0,0,98,77
3,162,171,10,727,85,0,0,96,72
3,163,172,10,743,89,0,0,99,72
3,164,173,10,787,101,0,0,105,76
3,165,174,10,745,99,0,0,100,69
3,166,175,10,724,101,0,0,96,67
3,167,176,10,767,106,0,0,102,64
3,168,177,10,664,95,0,0,85,52
3,169,178,10,665,91,0,0,87,57
3,170,179,10,759,101,0,0,102,70
3,171,180,10,807,111,0,0,110,73
3,172,181,10,856,121,0,0,116,72
3,173,182,10,823,113,0,0,115,70
3,174,183,10,867,112,0,0,122,71
3,175,184,10,857,112,0,0,118,67
3,176,185,10,905,122,0,0,124,69
3,177,186,10,924,121,0,0,121,76
3,178,187,10,971,125,0,0,123,78
3,179,188,10,982,128,0,0,122,77
3,180,189,10,872,116,0,0,109,64
3,181,190,10,803,111,0,0,104,53
3,182,191,10,807,116,0,0,101,54
3,183,192,10,816,119,0,0,99,54
3,184,193,10,791,123,0,0,85,53
3,185,194,10,795,126,0,0,86,55
3,186,195,10,884,133,0,0,93,63
3,187,196,10,804,127,0,0,88,52
3,188,197,10,735,117,0,0,81,53
3,189,198,10,734,119,0,0,85,49
3,190,199,10,818,128,0,0,97,58
3,191,200,10,818,129,0,0,90,59
7,1,10,10,416,54,0,3,45,37
7,2,11,10,485,63,0,3,55,44
7,3,12,10,493,67,0,2,54,47
7,4,13,10,485,67,0,3,51,44
7,5,14,10,463,60,0,3,51,42
7,6,15,10,433,51,0,3,50,40
7,7,16,10,433,53,0,4,45,42
7,8,17,10,472,54,0,3,46,50
7,9,18,10,481,55,0,3,44,57
7,10,19,10,495,58,0,3,47,57
7,11,20,10,551,69,0,3,51,63
7,12,21,10,504,64,0,3,43,59
7,13,22,10,578,81,0,4,51,67
7,14,23,10,582,82,0,3,54,68
7,15,24,10,610,86,0,3,57,71
7,16,25,10,628,88,0,3,56,71
7,17,26,10,677,94,0,2,63,72
7,18,27,10,750,109,0,2,72,74
7,19,28,10,791,123,0,2,84,66
7,20,29,10,792,117,0,3,84,68
7,21,30,10,766,109,0,3,82,62
7,22,31,10,805,113,0,2,84,62
7,23,32,10,786,106,0,3,90,56
7,24,33,10,842,115,0,3,100,62
7,25,34,10,842,115,0,3,101,61
7,26,35,10,883,117,0,5,106,68
7,27,36,10,857,119,0,6,99,64
7,28,37,10,877,122,0,7,100,65
7,29,38,10,945,131,0,7,106,74
7,30,39,10,936,136,0,6,107,74
7,31,40,10,962,143,0,6,112,75
7,32,41,10,940,138,0,6,111,78
7,33,42,10,898,136,0,6,102,73
7,34,43,10,941,142,0,7,105,75
7,35,44,10,1004,155,0,9,109,80
7,36,45,10,977,155,0,8,108,72
7,37,46,10,1008,156,0,8,113,79
7,38,47,10,910,148,0,10,107,69
7,39,48,10,818,131,0,11,88,65
7,40,49,10,825,131,0,11,92,64
7,41,50,10,808,132,0,13,90,65
7,42,51,10,861,148,0,13,93,66
7,43,52,10,835,137,0,12,88,68
7,44,53,10,830,128,0,11,85,64
7,45,54,10,865,134,0,9,100,67
7,46,55,10,853,133,0,8,97,68
7,47,56,10,829,130,0,8,94,64
7,48,57,10,892,133,0,5,101,67
7,49,58,10,894,131,0,5,107,59
7,50,59,10,901,131,0,5,105,61
7,51,60,10,845,118,0,3,100,58
7,52,61,10,788,103,0,3,101,53
7,53,62,10,787,105,0,3,104,54
7,54,63,10,698,92,0,3,94,55
7,55,64,10,623,79,0,3,73,48
7,56,65,10,646,84,0,3,78,51
7,57,66,10,638,84,0,2,79,51
7,58,67,10,552,72,0,2,70,47
7,59,68,10,508,67,0,2,64,49
7,60,69,10,547,67,0,2,68,53
7,61,70,10,587,75,0,3,67,52
7,62,71,10,657,82,0,3,67,63
7,63,72,10,680,89,0,2,61,63
7,64,73,10,758,104,0,3,70,67
7,65,74,10,800,110,0,4,77,68
7,66,75,10,838,113,0,5,82,76
7,67,76,10,817,110,0,5,78,74
7,68,77,10,844,118,0,6,77,76
7,69,78,10,847,118,0,6,75,76
7,70,79,10,795,114,0,8,71,68
7,71,80,10,776,109,0,7,72,71
7,72,81,10,714,101,0,7,69,62
7,73,82,10,702,96,0,7,69,62
7,74,83,10,601,85,0,6,57,51
7,75,84,10,528,74,0,5,48,51
7,76,85,10,591,84,0,5,52,54
7,77,86,10,663,91,0,7,57,57
7,78,87,10,681,90,0,7,58,59
7,79,88,10,742,99,0,6,67,63
7,80,89,10,842,120,0,4,76,65
7,81,90,10,842,120,0,4,76,64
7,82,91,10,828,120,0,5,72,62
7,83,92,10,833,125,0,5,74,58
7,84,93,10,862,124,0,6,78,61
7,85,94,10,880,127,0,6,83,59
7,86,95,10,802,119,0,5,74,48
7,87,96,10,778,119,0,3,74,49
7,88,97,10,734,112,0,2,70,46
7,89,98,10,678,101,0,2,63,42
7,90,99,10,560,82,0,2,53,41
7,91,100,10,587,79,0,3,56,43
7,92,101,10,658,90,0,3,69,47
7,93,102,10,640,82,0,3,67,49
7,94,103,10,647,86,0,2,64,51
7,95,104,10,622,81,0,2,61,51
7,96,105,10,606,71,0,2,64,50
7,97,106,10,557,61,0,3,58,45
7,98,107,10,541,59,0,4,57,42
7,99,108,10,529,60,0,4,56,39
7,100,109,10,516,56,0,4,53,38
7,101,110,10,467,53,0,3,44,36
7,102,111,10,397,44,0,2,33,30
7,103,112,10,371,41,0,2,33,27
7,104,113,10,345,41,0,2,35,20
7,105,114,10,333,39,0,2,34,21
7,106,115,10,307,40,0,2,28,21
7,107,116,10,327,46,0,1,31,23
7,108,117,10,345,47,0,1,33,24
7,109,118,10,344,48,0,1,34,26
7,110,119,10,337,49,0,2,32,22
7,111,120,10,323,49,0,2,34,17
7,112,121,10,309,48,0,2,34,18
7,113,122,10,305,48,0,2,32,18
7,114,123,10,338,45,0,2,34,27
7,115,124,10,357,44,0,3,36,29
7,116,125,10,339,42,0,3,35,26
7,117,126,10,350,45,0,4,34,30
7,118,127,10,409,50,0,3,39,36
7,119,128,10,462,58,0,4,46,39
7,120,129,10,526,61,0,3,50,46
7,121,130,10,556,63,0,4,54,49
7,122,131,10,632,70,0,5,60,56
7,123,132,10,667,76,0,5,63,61
7,124,133,10,668,86,0,6,64,59
7,125,134,10,718,96,0,5,71,59
7,126,135,10,739,97,0,5,73,62
7,127,136,10,732,95,0,4,71,61
7,128,137,10,772,109,0,6,71,63
7,129,138,10,795,111,0,6,74,66
7,130,139,10,742,109,0,6,70,64
7,131,140,10,735,110,0,5,72,64
7,132,141,10,726,104,0,4,68,65
7,133,142,10,789,108,0,5,77,67
7,134,143,10,877,113,0,5,90,70
7,135,144,10,851,113,0,6,84,68
7,136,145,10,898,118,0,7,87,69
7,137,146,10,992,129,0,8,99,65
7,138,147,10,915,117,0,6,98,59
7,139,148,10,905,115,0,5,94,61
7,140,149,10,943,119,0,5,99,62
7,141,150,10,1078,134,0,5,110,74
7,142,151,10,1038,133,0,5,110,67
7,143,152,10,998,132,0,4,107,63
7,144,153,10,889,120,0,3,89,59
7,145,154,10,888,114,0,2,90,60
7,146,155,10,973,129,0,1,98,67
7,147,156,10,951,123,0,1,94,69
7,148,157,10,1111,139,0,3,115,83
7,149,158,10,1163,148,0,3,131,83
7,150,159,10,1121,139,0,3,125,81
7,151,160,10,1152,149,0,4,123,87
7,152,161,10,1199,157,0,4,127,90
7,153,162,10,1202,158,0,4,129,95
7,154,163,10,1263,163,0,4,134,98
7,155,164,10,1282,166,0,4,136,105
7,156,165,10,1186,155,0,4,125,97
7,157,166,10,1095,146,0,3,118,96
7,158,167,10,953,125,0,1,98,85
7,159,168,10,889,114,0,2,82,84
7,160,169,10,1032,133,0,2,103,88
7,161,170,10,878,113,0,3,93,70
7,162,171,10,863,110,0,3,89,70
7,163,172,10,897,109,0,3,85,71
7,164,173,10,842,103,0,3,82,68
7,165,174,10,786,97,0,4,78,57
7,166,175,10,771,95,0,4,79,56
7,167,176,10,865,102,0,8,97,59
7,168,177,10,830,105,0,8,93,56
7,169,178,10,794,99,0,7,91,51
7,170,179,10,744,94,0,8,86,52
7,171,180,10,763,95,0,6,86,53
7,172,181,10,715,87,0,6,84,50
7,173,182,10,648,82,0,6,80,43
7,174,183,10,602,74,0,6,76,40
7,175,184,10,617,76,0,6,73,44
7,176,185,10,642,72,0,6,75,48
7,177,186,10,548,62,0,2,60,46
7,178,187,10,660,77,0,2,78,50
7,179,188,10,723,88,0,2,87,54
7,180,189,10,725,92,0,2,85,55
7,181,190,10,710,94,0,3,85,56
7,182,191,10,707,95,0,3,85,55
7,183,192,10,700,93,0,5,85,54
7,184,193,10,738,97,0,6,87,59
7,185,194,10,761,100,0,6,91,60
7,186,195,10,775,101,0,7,90,64
7,187,196,10,774,103,0,8,93,60
7,188,197,10,662,82,0,10,74,55
7,189,198,10,609,72,0,11,63,51
7,190,199,10,514,57,0,10,51,42
7,191,200,10,503,49,0,9,48,41
7,192,201,10,525,55,0,10,47,44
7,193,202,10,523,55,0,9,46,46
7,194,203,10,557,61,0,9,49,48
7,195,204,10,533,59,0,9,47,45
7,196,205,10,499,60,0,9,49,36
7,197,206,10,508,57,0,8,43,36
10,1,10,10,777,122,31,0,96,0
10,2,11,10,841,128,34,0,107,0
10,3,12,10,846,131,33,0,107,0
10,4,13,10,818,129,29,0,105,0
10,5,14,10,731,114,27,0,96,0
10,6,15,10,770,115,28,0,90,0
10,7,16,10,775,110,28,0,89,0
10,8,17,10,759,100,28,0,89,0
10,9,18,10,854,113,30,0,104,0
10,10,19,10,851,112,28,0,106,0
10,11,20,10,853,108,29,0,108,0
10,12,21,10,852,109,32,0,99,0
10,13,22,10,915,113,35,0,104,0
10,14,23,10,942,117,35,0,101,0
10,15,24,10,1099,150,40,0,118,0
10,16,25,10,1002,139,38,0,111,0
10,17,26,10,1010,141,38,0,109,0
10,18,27,10,1077,153,38,0,116,0
10,19,28,10,1043,144,39,0,104,0
10,20,29,10,1017,140,38,0,100,0
10,21,30,10,1013,143,37,0,100,0
10,22,31,10,1043,144,37,0,110,0
10,23,32,10,925,132,31,0,104,0
10,24,33,10,848,118,29,0,100,0
10,25,34,10,714,86,23,0,87,0
10,26,35,10,769,87,22,0,95,0
10,27,36,10,756,87,21,0,94,0
10,28,37,10,717,80,23,0,90,0
10,29,38,10,693,78,21,0,90,0
10,30,39,10,730,82,22,0,96,0
10,31,40,10,711,75,21,0,89,0
10,32,41,10,656,65,16,0,80,0
10,33,42,10,654,61,14,0,76,0
10,34,43,10,661,62,15,0,75,0
10,35,44,10,638,65,14,0,74,0
10,36,45,10,626,71,17,0,68,0
10,37,46,10,627,67,18,0,66,0
10,38,47,10,594,60,16,0,63,0
10,39,48,10,557,55,14,0,60,0
10,40,49,10,558,58,15,0,64,0
10,41,50,10,565,65,17,0,64,0
10,42,51,10,544,64,15,0,59,0
10,43,52,10,548,66,15,0,62,0
10,44,53,10,547,63,14,0,60,0
10,45,54,10,592,68,17,0,64,0
10,46,55,10,563,64,15,0,67,0
10,47,56,10,522,59,14,0,62,0
10,48,57,10,535,63,15,0,60,0
10,49,58,10,549,63,18,0,64,0
10,50,59,10,539,57,20,0,65,0
10,51,60,10,563,58,20,0,76,0
10,52,61,10,665,72,26,0,88,0
10,53,62,10,649,71,26,0,87,0
10,54,63,10,625,74,25,0,86,0
10,55,64,10,605,73,24,0,88,0
10,56,65,10,590,69,22,0,85,0
10,57,66,10,660,81,24,0,95,0
10,58,67,10,659,80,23,0,101,0
10,59,68,10,716,95,21,0,110,0
10,60,69,10,677,92,18,0,103,0
10,61,70,10,659,92,17,0,93,0
10,62,71,10,653,90,17,0,94,0
10,63,72,10,679,89,20,0,95,0
10,64,73,10,746,98,23,0,100,0
10,65,74,10,773,99,22,0,95,0
10,66,75,10,798,103,26,0,89,0
10,67,76,10,744,98,24,0,82,0
10,68,77,10,731,98,24,0,79,0
10,69,78,10,707,94,25,0,72,0
10,70,79,10,698,93,26,0,67,0
10,71,80,10,678,89,25,0,69,0
10,72,81,10,608,84,20,0,67,0
10,73,82,10,579,84,19,0,65,0
10,74,83,10,577,76,21,0,68,0
10,75,84,10,535,68,20,0,65,0
10,76,85,10,514,68,17,0,74,0
10,77,86,10,502,65,18,0,72,0
10,78,87,10,537,67,18,0,71,0
10,79,88,10,592,73,21,0,79,0
10,80,89,10,617,78,19,0,82,0
10,81,90,10,697,87,24,0,87,0
10,82,91,10,659,79,23,0,77,0
10,83,92,10,688,82,22,0,78,0
10,84,93,10,712,92,20,0,77,0
10,85,94,10,746,98,23,0,81,0
10,86,95,10,742,96,23,0,75,0
10,87,96,10,746,94,22,0,77,0
10,88,97,10,695,90,21,0,75,0
10,89,98,10,657,86,17,0,67,0
10,90,99,10,667,84,20,0,66,0
10,91,100,10,602,76,15,0,65,0
10,92,101,10,635,88,18,0,68,0
10,93,102,10,638,88,20,0,69,0
10,94,103,10,574,79,18,0,66,0
10,95,104,10,589,80,16,0,67,0
10,96,105,10,583,76,16,0,66,0
10,97,106,10,609,82,16,0,70,0
10,98,107,10,664,87,21,0,75,0
10,99,108,10,660,83,21,0,76,0
10,100,109,10,645,83,20,0,75,0
11,1,10,10,679,70,26,0,66,0
11,2,11,10,690,74,28,0,70,0
11,3,12,10,751,78,29,0,79,0
11,4,13,10,728,78,30,0,76,0
11,5,14,10,764,84,28,0,83,0
11,6,15,10,739,86,26,0,81,0
11,7,16,10,740,89,25,0,83,0
11,8,17,10,762,88,28,0,78,0
11,9,18,10,770,90,30,0,89,0
11,10,19,10,773,90,30,0,91,0
11,11,20,10,818,101,29,0,96,0
11,12,21,10,811,99,27,0,92,0
11,13,22,10,741,94,27,0,81,0
11,14,23,10,733,96,24,0,84,0
11,15,24,10,731,97,27,0,81,0
11,16,25,10,704,89,28,0,80,0
11,17,26,10,679,83,26,0,77,0
11,18,27,10,642,90,26,0,80,0
11,19,28,10,621,84,26,0,67,0
11,20,29,10,666,92,28,0,74,0
11,21,30,10,603,79,29,0,67,0
11,22,31,10,687,88,29,0,88,0
11,23,32,10,719,97,27,0,89,0
11,24,33,10,689,91,26,0,84,0
11,25,34,10,693,86,27,0,80,0
11,26,35,10,711,90,30,0,79,0
11,27,36,10,728,89,30,0,78,0
11,28,37,10,671,76,24,0,69,0
11,29,38,10,664,78,25,0,70,0
11,30,39,10,611,66,21,0,61,0
11,31,40,10,667,76,21,0,70,0
11,32,41,10,591,71,25,0,50,0
11,33,42,10,605,70,27,0,51,0
11,34,43,10,655,79,30,0,61,0
11,35,44,10,673,89,28,0,68,0
11,36,45,10,676,89,25,0,69,0
11,37,46,10,697,91,26,0,76,0
11,38,47,10,705,88,29,0,79,0
11,39,48,10,704,87,25,0,78,0
11,40,49,10,740,95,26,0,84,0
11,41,50,10,710,92,25,0,79,0
11,42,51,10,715,89,22,0,83,0
11,43,52,10,724,88,25,0,85,0
11,44,53,10,697,83,23,0,76,0
11,45,54,10,678,79,24,0,70,0
11,46,55,10,651,75,23,0,67,0
11,47,56,10,639,75,26,0,61,0
11,48,57,10,658,75,27,0,61,0
11,49,58,10,646,78,28,0,59,0
11,50,59,10,619,75,31,0,53,0
11,51,60,10,624,77,31,0,52,0
11,52,61,10,684,85,34,0,53,0
11,53,62,10,686,90,30,0,51,0
11,54,63,10,711,86,35,0,51,0
11,55,64,10,715,85,35,0,52,0
11,56,65,10,734,89,37,0,54,0
11,57,66,10,741,93,36,0,53,0
11,58,67,10,699,94,32,0,48,0
11,59,68,10,684,90,32,0,49,0
11,60,69,10,698,95,31,0,55,0
11,61,70,10,697,90,32,0,58,0
11,62,71,10,631,83,29,0,49,0
11,63,72,10,596,74,27,0,49,0
11,64,73,10,572,75,24,0,53,0
11,65,74,10,550,74,24,0,51,0
11,66,75,10,524,70,22,0,50,0
11,67,76,10,506,64,25,0,45,0
11,68,77,10,513,66,26,0,46,0
11,69,78,10,579,73,28,0,54,0
11,70,79,10,557,67,26,0,51,0
11,71,80,10,518,61,24,0,46,0
11,72,81,10,592,68,26,0,62,0
11,73,82,10,600,73,29,0,63,0
11,74,83,10,570,70,27,0,57,0
11,75,84,10,635,80,27,0,63,0
11,76,85,10,688,93,27,0,69,0
11,77,86,10,675,91,22,0,73,0
11,78,87,10,710,96,23,0,77,0
11,79,88,10,739,99,25,0,78,0
11,80,89,10,775,100,25,0,76,0
11,81,90,10,783,102,28,0,73,0
11,82,91,10,742,102,27,0,64,0
11,83,92,10,751,98,28,0,63,0
11,84,93,10,803,104,29,0,65,0
11,85,94,10,776,101,29,0,59,0
11,86,95,10,739,91,28,0,54,0
11,87,96,10,727,92,28,0,53,0
11,88,97,10,689,82,31,0,47,0
11,89,98,10,595,72,29,0,38,0
11,90,99,10,559,70,30,0,38,0
11,91,100,10,558,71,27,0,40,0
11,92,101,10,573,67,26,0,41,0
11,93,102,10,552,63,24,0,40,0
11,94,103,10,526,59,23,0,44,0
11,95,104,10,460,47,21,0,42,0
11,96,105,10,459,44,21,0,42,0
11,97,106,10,465,46,22,0,42,0
11,98,107,10,478,56,20,0,46,0
11,99,108,10,507,66,19,0,48,0
11,100,109,10,543,69,19,0,49,0
11,101,110,10,580,70,20,0,54,0
11,102,111,10,528,64,19,0,51,0
11,103,112,10,530,67,19,0,49,0
11,104,113,10,538,72,21,0,51,0
11,105,114,10,588,81,24,0,60,0
11,106,115,10,580,83,26,0,61,0
11,107,116,10,654,93,28,0,70,0
11,108,117,10,631,84,26,0,70,0
11,109,118,10,598,74,24,0,71,0
11,110,119,10,582,70,25,0,75,0
11,111,120,10,578,72,25,0,74,0
11,112,121,10,575,74,23,0,76,0
11,113,122,10,546,71,23,0,74,0
11,114,123,10,554,70,24,0,75,0
