{
  "0": "D000001\tPER\tHarry\tThe success of the books and films has allowed the <target> Harry Potter </target> franchise to expand with numerous derivative works.",
  "1": "D000001\tPER\tHarry\tThe success of the books and films has allowed the <target> Harry Potter </target> franchise to expand with numerous derivative works.",
  "2": "D000002\tPER\tBarack\t<target> Barack </target> is a famous because he was a former presitent of US.",
  "3": "D000002\tPER\tBarack\t<target> Barack </target> is a famous because he was a former presitent of US.",
  "4": "D000003\tPER\tBiden\t<target> Biden </target> was raised in Scranton, Pennsylvania, and New Castle County, Delaware.",
  "5": "D000003\tPER\tBiden\t<target> Biden </target> was raised in Scranton, Pennsylvania, and New Castle County, Delaware."
}